Barrett,Gastric,Ileum,Squamous
3.532789112,3.719364438,3.700054386,3.562768543
3.877915575,4.053316664,4.020620207,3.824011874
3.715319475,3.891113549,3.898409765,3.666728525
3.386920327,3.585776465,3.603550319,3.408451971
3.287496355,3.475206143,3.514614153,3.33740934
3.325347705,3.516720422,3.545770859,3.379939723
3.516090455,3.680770497,3.73788807,3.584444307
4.135505611,4.153412384,4.136839427,4.043853284
4.07587861,4.11386985,4.132419798,3.971461405
4.176167583,4.169509853,4.222566913,4.006722692
3.871557015,3.991695569,4.047255392,3.793353776
3.960215566,4.026075441,4.085727508,3.884200421
3.840168849,3.971118064,3.9990435,3.781054914
3.840915505,3.96457074,3.96914789,3.811223004
3.955342206,4.00375341,4.009907472,3.93386675
3.978284293,4.033206554,4.070296518,3.899012971
3.797550807,3.95886955,3.902057311,3.716003344
4.085533821,4.047033309,4.127380196,3.945197682
3.643802484,3.748327599,3.792811771,3.635056279
3.98592022,4.007773374,4.043136229,3.99219993
3.778440684,3.854063012,3.935129235,3.828144107
4.367933354,4.287237228,4.345697125,4.167531475
4.141392757,4.122097865,4.177500427,3.981524147
3.663058129,3.735854292,3.887687614,3.653598382
3.559395133,3.684809468,3.807213585,3.632988447
4.069244155,4.107854148,4.141535997,3.958420528
4.118985796,4.103577966,4.113809703,4.018180199
3.673891808,3.87667961,3.827773005,3.665909167
3.560623875,3.748746047,3.71970409,3.592620821
3.830127712,3.966517176,3.963941219,3.834070838
3.938069186,3.98414911,4.052318725,3.833131168
3.956460948,4.049078406,4.080734686,3.860487737
3.891583069,4.032755715,3.974085479,3.772596722
3.687869324,3.813714392,3.859198362,3.643526698
3.668707748,3.838546868,3.837730444,3.703076328
3.80902072,3.993780003,3.967770214,3.767508355
3.729908111,3.8877073,3.894606788,3.706824423
3.798211044,3.961240694,3.96733733,3.718169405
3.615232486,3.752309715,3.814380794,3.604873771
3.807682597,3.934488351,3.897214591,3.826495929
3.945705766,4.019548292,4.022871513,3.833322452
3.93091663,3.961478047,4.021809277,3.865755224
3.743865948,3.907228575,3.850921793,3.747703053
3.953460954,4.030696851,4.0352696,3.855170732
3.903099857,3.998573173,4.034086755,3.822462306
3.887023652,4.035469763,3.998738716,3.80172948
3.599724324,3.78490245,3.791339704,3.614396224
3.539657659,3.677406182,3.745152895,3.591593234
3.29710365,3.487619087,3.553427871,3.419005206
3.266210309,3.516270883,3.509034419,3.349326104
3.324226317,3.592243396,3.635534009,3.414764502
3.293201787,3.557362814,3.543540366,3.375937819
3.42742709,3.632254777,3.656170099,3.464489547
3.787885351,3.802595868,3.861340219,3.744938077
3.806019552,3.974069344,3.990227825,3.700941562
3.425133888,3.62355939,3.68200962,3.442283744
3.304705898,3.482559178,3.559308011,3.395413767
3.404367151,3.570379465,3.642390318,3.511816541
3.749406008,3.934871986,3.954989818,3.708357154
3.546778142,3.779134537,3.86332286,3.522965595
3.807645709,3.840043331,3.929201724,3.650647442
4.139355214,4.093442699,4.143092904,4.078710505
4.189867863,4.152911813,4.223203804,4.036997969
4.112315497,4.103290472,4.155373999,3.962771712
4.175635669,4.214218438,4.205752301,4.032890613
4.041349612,4.025330447,4.112655264,3.977323413
4.136858874,4.162886871,4.206225271,4.012911006
3.588567079,3.743635175,3.80748429,3.701762209
3.942544667,3.972785828,4.010829778,3.934713021
3.719835812,3.810729722,3.8659918,3.692560525
3.94693881,4.026998768,4.044431957,3.862026969
4.040408126,3.938329555,4.058549386,3.881227689
3.985181433,4.017275474,4.053299378,3.846476287
3.738434599,3.85545858,3.881455987,3.741604574
3.65052828,3.920936866,3.800442121,3.716816883
3.542927229,3.722354173,3.708781954,3.564399726
3.629854231,3.955235425,3.828611567,3.663276787
3.625050411,3.804330289,3.80758576,3.637214456
3.601506901,3.809209445,3.750161129,3.643871963
3.699617016,3.799492181,3.84943477,3.672605778
3.791263096,3.887864755,3.938857323,3.753065734
3.699656436,3.80729143,3.85427567,3.726482697
4.175901707,4.177363325,4.179257279,3.996774271
4.022402125,4.116707341,4.129754323,3.892219862
4.10505165,4.067003865,4.127485449,3.985336642
3.967696857,4.011731107,4.060518421,3.85410859
4.029177097,4.109544801,4.085985892,3.883547879
3.829648732,3.920227711,3.964566027,3.853667798
4.041683314,4.057316093,4.078945939,3.930477823
3.903598012,3.97475111,3.997582952,3.84135947
3.730143353,3.860517677,3.833545511,3.730075367
3.929832122,4.025682637,4.00989686,3.839870683
3.754848515,3.891682384,3.89033717,3.743744879
3.522764234,3.655042341,3.68198704,3.592093445
3.460008946,3.674750946,3.642588163,3.505183906
3.603980453,3.881270504,3.808109648,3.623817637
3.60100258,3.80835954,3.753774505,3.563985097
4.136608161,4.091202524,4.178329337,3.994075077
3.815100571,3.936654463,3.971994438,3.772119918
3.963929422,4.036205571,4.028703391,3.82615582
3.708583122,3.853953604,3.858822824,3.695766151
4.175833238,4.161691356,4.196141628,4.048606866
3.654823868,3.64234579,3.793947456,3.670176249
4.010927965,4.010257543,4.090610708,3.89152352
4.247948729,4.232828456,4.275766146,4.047810102
4.192917019,4.193313865,4.207863167,4.032820149
3.687723487,3.747862184,3.817201653,3.711575262
3.890044843,3.967426282,3.988291342,3.851288932
4.165557257,4.165345244,4.210860047,4.017179472
3.854620674,3.836412738,3.936526309,3.7945229
4.059618489,4.028449243,4.113876533,3.976579219
4.05394756,4.092853929,4.112286536,3.976659424
3.950453368,4.03325483,4.067628717,3.910397595
4.151040947,4.137449063,4.177449921,4.03848107
4.119816546,4.065392962,4.136165457,3.97436199
3.911298072,3.890074339,3.942206542,3.772321707
3.682489683,3.667228743,3.805755651,3.707165498
3.889108074,3.993418594,3.998651596,3.809290301
3.907025171,4.030478281,4.019001987,3.816324173
4.047512045,4.06016125,4.099594326,3.917098332
4.118778611,4.162098201,4.14690287,3.974799438
3.982559022,4.005746614,4.045391443,3.914594351
3.666364793,3.858573287,3.839839285,3.707591465
3.694078462,3.889133556,3.87714089,3.721460236
3.651128171,3.684845362,3.80190084,3.709736238
3.997815145,4.102289603,4.072277477,3.933183479
3.63792617,3.819754452,3.814763513,3.680630081
3.881602502,4.048255304,3.99520727,3.868306392
3.885777425,4.078587304,3.949560763,3.870828042
3.960129019,4.111390229,4.077413331,3.862518969
3.649777249,3.88931291,3.891328344,3.605224215
3.79404421,3.961838575,3.953082844,3.773402429
3.94756293,4.029099567,4.005094675,3.868791333
4.239886182,4.148769185,4.26213059,4.093736785
3.3920411,3.618089954,3.609007128,3.538448052
3.508798965,3.810675998,3.737729214,3.531351165
3.436422885,3.759698055,3.69594112,3.473304455
3.332015896,3.601168774,3.581152892,3.405815752
3.457097064,3.649665809,3.668828373,3.487244461
3.509275856,3.676346035,3.68690427,3.546450119
3.691169934,3.856487213,3.854366778,3.662616191
3.631812597,3.778628712,3.801575198,3.596844408
3.787956123,3.945911517,3.964624925,3.721460236
3.931859895,3.928733733,3.976327048,3.801935104
3.476172668,3.717487428,3.686122139,3.492061605
3.3475961,3.53834748,3.566820351,3.422466723
3.49462255,3.723504928,3.721975402,3.551449998
3.561285735,3.853722541,3.76518408,3.676967814
3.819537953,4.012347841,3.972989227,3.744390786
3.963500205,4.079543007,4.054402367,3.899259496
3.866936818,3.951978286,3.98231647,3.792146454
4.097847077,4.179528812,4.166489318,3.971067003
3.791129001,3.957386972,3.971519375,3.767267209
3.81156282,3.951900668,3.960779859,3.765836132
3.692654676,3.842059784,3.885968694,3.691147825
3.862012051,3.9149986,3.98121815,3.786627219
4.040206628,4.110158569,4.060433407,3.885488436
3.928242183,4.032449522,4.012731801,3.821316971
3.450752833,3.648750213,3.653381373,3.577836341
3.529558673,3.769613613,3.751259853,3.568524391
3.571550031,3.813180533,3.805432888,3.60815148
3.449997027,3.615445009,3.64397056,3.484548953
4.16243405,4.141186295,4.197004728,4.005705897
4.232931458,4.204136268,4.260327832,4.062487971
3.424376695,3.680081572,3.67972308,3.485934264
3.406478245,3.626052796,3.658798141,3.47099817
3.990213691,4.064862144,4.086110574,3.889931673
3.970849613,4.044900216,4.077067975,3.893470471
3.741588468,3.796088429,3.895187654,3.693748927
4.02089591,4.085354808,4.081509328,3.902492421
3.815215383,3.939668984,3.923127396,3.833035495
3.554224769,3.709897199,3.723660867,3.602710945
3.898416001,3.962672336,4.01444703,3.852540986
3.718818632,3.815258883,3.885968694,3.745913669
4.035924337,4.081138393,4.101996103,3.91999281
3.896761639,3.982605873,4.001528196,3.856925154
3.936687352,4.034267397,4.121764961,3.918868743
3.779701412,3.872331121,3.864540745,3.767359974
4.031412137,4.029684027,4.027634966,3.985010844
3.851097057,3.889962448,3.977392043,3.789386787
3.927626962,3.872028006,3.996391261,3.869363749
4.091746872,4.12239939,4.149234513,3.978956165
3.817144512,3.907250083,3.927665439,3.779524343
3.891283973,3.8602781,3.985684639,3.777426822
3.664402629,3.752048448,3.824337395,3.669386622
3.848894168,3.906615141,3.954785039,3.808160314
3.640147027,3.650831858,3.796921075,3.71543923
4.203099674,4.118535869,4.184414586,4.001463276
3.971857555,4.007397812,4.045626097,3.881455987
3.943813667,4.053485644,4.061065891,3.844570362
3.844189019,3.909416947,3.941846714,3.725380685
3.653396721,3.821290756,3.810686072,3.632457292
3.826339895,3.883218399,3.93549467,3.836387419
3.402308288,3.536886564,3.692516448,3.476614282
3.55573184,3.714932993,3.818192891,3.664735969
3.945307407,4.070481175,4.091376745,3.847372122
3.722214979,3.845742799,3.860891753,3.732675156
3.787782389,3.984797257,3.873901598,3.797319487
3.80503103,3.965164057,3.969625553,3.802277594
3.586904267,3.657036721,3.73271534,3.609834432
3.767870665,3.835132287,3.856154687,3.731850552
3.887325695,3.883570593,3.962215387,3.823523133
3.838969235,3.934063939,3.950851459,3.737212528
3.869333079,3.966470264,3.949792397,3.796903745
3.951620067,4.081037501,4.062553782,3.931953416
3.50066053,3.713943921,3.67292869,3.547128319
4.0523371,4.028977705,4.106946938,3.946673286
3.72473004,3.806844479,3.842000426,3.637889817
3.771340235,3.872086314,3.88643432,3.766895954
3.591489582,3.831396206,3.791023611,3.60500859
3.483937237,3.675576724,3.629384112,3.502188056
3.314518365,3.50653209,3.551175427,3.384308602
3.321466618,3.482187314,3.555638488,3.416723698
3.610456903,3.805568818,3.829207252,3.635609393
3.820404493,3.98397791,3.94472936,3.79023237
3.776549306,4.007850154,3.921283201,3.749852215
3.845323589,3.986305849,4.018055234,3.786698197
3.679460934,3.818977668,3.834833818,3.629205657
3.363458129,3.579166002,3.573074767,3.40487646
3.368608027,3.604053165,3.606569447,3.450249108
4.050629299,4.031432703,4.119090852,3.962925464
4.017822249,4.023178356,4.111758039,3.90264189
3.993796824,3.981419906,4.061556139,3.932625944
4.159974393,4.122753088,4.174539506,4.000770189
4.049602091,4.121717383,4.096649358,3.980809819
3.673925269,3.843195391,3.818506312,3.678472853
3.935955894,3.932220014,3.995788706,3.868938178
4.159968929,4.177830739,4.176503643,4.02883549
3.849743185,3.999887069,4.012140952,3.786804641
3.402136275,3.613651578,3.635910794,3.524785449
3.373647472,3.657266253,3.609007128,3.536147941
3.652448537,3.825984045,3.86904094,3.697817596
3.479378972,3.621113938,3.661126166,3.537252254
3.776172684,3.778252574,3.884512159,3.729124275
3.893817224,4.054942289,4.037336841,3.797457979
3.927561661,4.100749526,4.07168874,3.874988875
3.634303188,3.769539787,3.796192597,3.647407423
3.697783947,3.820608625,3.852113861,3.733237401
3.72537697,3.858513136,3.894191407,3.725748333
3.934773815,3.970365475,4.006455345,3.815810107
3.904006959,3.973820324,3.981161461,3.754959588
3.965830039,4.020609853,4.038749279,3.829448514
4.088973252,4.118191952,4.156518865,3.917571148
4.021598959,4.036740648,4.088897652,3.945911517
3.586433853,3.798705878,3.767842029,3.574754489
3.50687386,3.813220595,3.748459376,3.5834255
3.561773347,3.761055368,3.827159184,3.589977511
3.575565693,3.787658802,3.761420364,3.609994373
3.554698355,3.745948749,3.740638971,3.610180897
3.896886811,4.038111267,4.000921897,3.841640982
3.953671849,4.013587105,4.011707857,3.880270385
4.056336503,4.077803798,4.10489663,3.935267884
3.747905926,3.896184379,3.887152942,3.736237099
3.844251187,3.974723492,4.017398578,3.783045572
3.71169222,3.852138279,3.881712679,3.752221363
3.750907933,3.794278866,3.886321487,3.729569726
4.006718805,4.084483333,4.120146006,3.873640246
4.159293691,4.146549717,4.225696872,4.034367721
4.322861801,4.248738128,4.319647288,4.145499405
3.993948984,4.006611496,4.055445229,3.984988366
3.841581283,3.93230123,3.98065092,3.845144569
3.726297369,3.805174505,3.880670709,3.710392416
3.809265801,3.909919572,3.936086275,3.801043364
3.913298364,3.969946806,4.049586241,3.823555733
3.937622737,4.003693128,4.03702788,3.87117874
3.984731832,4.012727583,4.04533276,3.898588072
3.943750754,4.038159001,4.127388294,3.757225163
3.884924032,3.951755096,3.954495774,3.927229169
4.023656441,4.047905402,4.063173801,3.883661435
3.661812686,3.77261505,3.813097058,3.728860839
3.61075692,3.746820952,3.822903272,3.63738965
4.026678092,4.125650396,4.070831807,3.929661552
3.943040108,3.956917231,4.030609841,3.850339855
3.90733806,4.024403563,4.001387523,3.886067505
3.805179452,3.864024304,3.887546975,3.712523435
3.866952908,3.985965078,3.95438725,3.822625679
3.964186749,3.997176614,4.020475229,3.852495242
3.891805989,4.015351371,3.984752278,3.879368304
3.71967774,3.802089258,3.834277611,3.741958746
3.614139511,3.798609216,3.737649763,3.57016335
3.432240242,3.657782258,3.616212862,3.401055726
3.435294058,3.649840916,3.628133388,3.480797157
3.31976831,3.50731604,3.546789352,3.418011112
3.458060695,3.651897992,3.685965544,3.545523591
3.870041931,3.97764131,3.944507347,3.832237394
3.518023137,3.739065768,3.708250889,3.553245675
4.206752302,4.136568379,4.19880137,3.994075077
3.593447185,3.829573916,3.760893468,3.685361004
3.748420622,3.833389382,3.872986177,3.718750735
3.933234129,4.024551341,4.034528192,3.88329227
4.03738303,4.088284964,4.082767424,3.978043494
3.92907507,4.058426024,4.085174584,3.915953564
3.785155046,3.893095666,3.971820695,3.756560043
3.347968345,3.495322277,3.607347777,3.426551924
3.326708167,3.52124272,3.55351894,3.383231727
3.339126073,3.569935437,3.527146366,3.369540529
3.429825659,3.629409599,3.618231194,3.460897843
3.41824101,3.57391544,3.639909621,3.459882301
3.769565292,3.935990666,3.94557936,3.730923519
3.9992057,3.991739835,4.068130179,3.874655733
4.027331072,4.017675954,4.091394339,3.917124613
4.157176435,4.195811125,4.191157473,3.984122083
3.333886751,3.495655325,3.552698628,3.391684765
4.137538242,4.151001908,4.155707914,4.017836459
3.613899455,3.725797329,3.792531762,3.605331987
3.552646097,3.705675591,3.745406634,3.581551458
4.394094929,4.281737672,4.381187307,4.177630274
4.133190404,4.118178719,4.177428274,3.970974151
3.989842027,4.050797221,4.090046322,3.840748902
4.01347306,4.072249898,4.110387666,3.904850734
3.955998068,4.011536612,4.02362279,3.842312745
4.156276496,4.137575634,4.184868802,3.922803282
4.066762881,4.086131944,4.132563845,3.916440788
4.022413373,4.042465251,4.058833933,3.83486558
3.940616082,4.039834329,4.04019673,3.838959224
3.666228581,3.781410674,3.812996867,3.823751281
3.499574621,3.67555839,3.670385028,3.579326204
3.423201176,3.58410497,3.636788689,3.482015576
3.82564442,3.930735141,3.916835434,3.756198551
3.809412783,3.997368907,3.96385863,3.788910423
3.854013284,4.012128283,4.002684313,3.79317901
3.665265367,3.829535335,3.797596427,3.578524605
3.40308931,3.664058765,3.585742647,3.43512738
3.991652909,4.065340656,4.069223957,3.938569756
3.845182635,3.943217429,3.933474633,3.744723152
3.858126879,3.949165482,3.931762888,3.838266494
3.861805862,3.978755542,3.993931969,3.832221417
3.320297384,3.488776265,3.559248104,3.422548805
3.269576619,3.454570482,3.514381706,3.391376239
3.325552979,3.526261718,3.56834842,3.446070936
3.54674451,3.763877031,3.700335882,3.557898011
3.562238777,3.781353197,3.734459779,3.598708453
3.861148659,4.009042756,3.984875959,3.800596806
3.576247087,3.773786445,3.758344063,3.60500859
3.978408793,4.045542027,4.060688399,3.863263364
3.961658349,4.114003481,4.091447117,3.818440348
3.857091155,3.940227523,3.929125039,3.824321125
3.873130289,3.955793546,4.003201947,3.854093398
3.77832888,3.843108142,3.920214665,3.797890483
4.103386947,4.089474134,4.151928832,4.009981753
4.024780371,4.020137447,4.108632666,3.885134966
4.01574449,3.978399664,4.080247576,3.9031307
3.796025284,3.769081787,3.878335055,3.749040269
3.822090775,3.824997454,3.897159561,3.743078392
3.860408795,3.995284108,4.005083944,3.808210973
4.000390689,4.055997219,4.049547496,3.889525797
3.889729418,3.954493363,3.987006727,3.813997738
3.601852665,3.735167584,3.764549719,3.69862243
4.047632354,4.052801637,4.08557597,3.921790486
3.782446563,3.926198344,3.939756303,3.694605199
4.090796538,4.106177293,4.118206838,3.915848146
4.205297888,4.150958961,4.195339134,4.032316503
3.639839504,3.640123518,3.732835872,3.66150507
3.550939546,3.698013504,3.764960294,3.643674702
3.575114336,3.688704512,3.753774505,3.608980414
3.678369367,3.72794771,3.849050691,3.679223421
3.738492278,3.727655102,3.800768613,3.797873191
3.805253643,3.79940948,3.916546062,3.779830889
4.08180212,4.157372137,4.149026564,3.935255282
3.932039992,3.963495052,3.986961976,3.898162757
3.843566853,3.96585054,3.979001748,3.789704074
3.790899026,3.984950151,3.956108375,3.701373675
3.637826191,3.846769954,3.805993323,3.631950826
3.324712607,3.514122547,3.540954809,3.392037098
3.53344851,3.811454352,3.640779477,3.552850654
4.039241016,4.099266172,4.084012938,3.934460575
3.701253905,3.902948818,3.855049476,3.753219079
3.505729473,3.680589307,3.793388721,3.578352642
3.71189155,3.88785351,3.874481818,3.713511543
3.616456417,3.849062986,3.848389278,3.663017387
3.905766452,3.995415799,3.987766784,3.810434156
3.939723418,4.066311014,4.024875455,3.870257555
3.640038515,3.842946062,3.795880017,3.662049165
3.997120181,3.99437875,4.075026591,3.848204517
3.723522837,3.826877829,3.866198699,3.653742994
3.625003601,3.795142829,3.819774182,3.633544198
3.441466612,3.67735141,3.672905633,3.564073979
3.662199585,3.864961754,3.834849699,3.643131772
3.921497302,3.9351847,3.997550197,3.858070772
3.62336208,3.832879182,3.795862645,3.653453721
3.587272062,3.782558615,3.77400573,3.627673032
3.611501229,3.767764194,3.813447544,3.647871765
3.912236554,4.041881978,4.06353038,3.849879878
3.708289533,3.848484706,3.903524064,3.760422483
4.082142099,4.055829213,4.139635121,3.971994438
4.132515835,4.161930723,4.177623062,3.982836353
4.114304608,4.093309595,4.113884886,3.977128901
3.91901625,3.898626467,4.06659611,3.80234606
4.239424618,4.175227603,4.237298624,4.137045374
4.227138485,4.188101272,4.229374631,4.099171134
4.127243256,4.119315287,4.175671238,3.98626775
3.628416798,3.846250492,3.752816431,3.663889299
3.482054614,3.740804655,3.679382466,3.558048229
3.27359046,3.478162313,3.498103698,3.367169489
3.565106912,3.812204544,3.791550305,3.553215301
3.779871855,3.814913181,3.911117641,3.767081621
3.802736419,3.953092521,3.901989285,3.694034538
3.8994275,4.031400384,4.031085148,3.764904329
3.86366886,3.966066605,3.954543998,3.788998678
3.644689192,3.829483887,3.847356692,3.712649702
3.854973674,3.994405147,3.99019451,3.758817306
3.897876901,4.016247558,4.007801102,3.793790385
3.807055083,3.917883449,3.953312607,3.731689471
3.719647625,3.863703445,3.839556603,3.585883538
3.715174965,3.890968432,3.909435672,3.70999036
3.306015399,3.517248697,3.555970621,3.382557322
3.291812687,3.492257378,3.520024759,3.376394442
3.542700969,3.798332921,3.721810615,3.568231067
3.829309622,3.966320109,3.953795922,3.849588307
3.732569197,3.896007841,3.900585587,3.72611567
3.461553093,3.633407852,3.692185725,3.512150537
3.687480316,3.889144768,3.862593466,3.667593025
3.45726241,3.691329084,3.702968762,3.50174373
3.476660395,3.714262682,3.678040119,3.4759253
3.597126522,3.83486558,3.758949721,3.609327562
3.313426186,3.551864576,3.538102238,3.419253374
3.431962882,3.6164335,3.648847708,3.539232969
3.420105842,3.647539444,3.623068297,3.566319622
3.301326005,3.528968093,3.529911354,3.437948645
3.539714633,3.766085516,3.714853448,3.610180897
3.843759254,4.021693615,3.949267997,3.768471602
3.793015301,3.946570157,3.964141728,3.713343513
3.560613016,3.750446679,3.737113094,3.566349092
3.88137428,4.000191048,4.018055234,3.811675525
3.984085225,4.031642718,4.074304344,3.865770014
3.870025955,3.944532021,3.959911495,3.805534839
3.975206142,4.085333399,4.059582349,3.876448787
3.586566848,3.715585552,3.752106094,3.607776604
3.581949658,3.754577656,3.7107941,3.594723946
3.730231537,3.82669663,3.867187493,3.715836275
3.696022616,3.762843549,3.861310336,3.674102989
3.803432284,3.953334368,3.936739879,3.734959761
3.817841711,3.899940819,3.964129935,3.79966787
3.435424457,3.588002641,3.632963168,3.502085559
3.460583518,3.638089722,3.659440782,3.499480881
3.658262963,3.799822831,3.767638148,3.677333151
3.838259332,3.966648505,3.933841463,3.778042663
3.643443703,3.825270289,3.789615962,3.578610562
3.544214664,3.707978732,3.736754946,3.614976267
3.879757743,3.958477876,3.989193882,3.777372442
4.100038274,4.098366796,4.137274969,3.896305707
4.070313308,4.061912166,4.085513556,3.930120893
3.826899003,3.935698676,3.972977673,3.748556246
3.938810734,4.041826763,4.00811025,3.837067351
3.743203213,3.923036669,3.87657864,3.695612996
3.929395701,3.993295117,4.029211243,3.808750972
4.02347694,4.060357825,4.095596459,3.858687551
3.708042147,3.747100931,3.868453401,3.682709022
3.94511929,4.052747793,4.043342626,3.948009295
3.922734892,3.977558999,4.022562392,3.876665188
3.751272104,3.946953085,3.870725702,3.663677373
3.892372907,4.075970101,4.021365049,3.78518742
3.728250454,3.919402384,3.843948742,3.682257924
3.530607131,3.740125737,3.695416002,3.510444467
3.614168309,3.844738047,3.809323987,3.665815428
3.708706679,3.861522463,3.847356692,3.693397147
3.509825465,3.716620939,3.677401618,3.500716624
3.648945182,3.85734456,3.805772632,3.630377018
3.731493531,3.88537253,3.896801698,3.764101376
3.837622868,3.948099848,3.948351828,3.76119463
3.748314913,3.888067113,3.913774129,3.700941562
3.844838514,4.00803778,3.974925986,3.762959751
3.964516761,4.071720037,4.051625164,3.873814498
3.704064679,3.883422933,3.945370094,3.713910354
3.785866708,3.97942089,3.930261151,3.676281978
3.778249942,3.918732612,3.938281999,3.758021964
3.831724384,4.016004849,3.968050774,3.777789187
4.022855594,4.088058086,4.110606543,3.900271519
3.780480968,3.907787443,3.935545051,3.723065535
3.359266165,3.572685768,3.598763157,3.467349079
3.286333966,3.574771832,3.523681448,3.448976704
3.253536248,3.471819586,3.492271358,3.360356702
3.224321125,3.421702619,3.467830005,3.345618749
3.46524762,3.712969413,3.644561671,3.48426424
3.670490433,3.864036183,3.820546261,3.624849094
3.409687256,3.639586087,3.624746058,3.512484276
3.303156771,3.601712417,3.541048531,3.395981273
3.27171491,3.59206567,3.518415225,3.367122868
3.268152318,3.557651542,3.516337021,3.381791728
3.297322714,3.616811476,3.548358703,3.402734119
3.382835386,3.791788863,3.647456324,3.474616854
3.303588729,3.545826474,3.54242081,3.392477113
3.258767852,3.542651176,3.514946005,3.359123718
3.363936597,3.64650175,3.556814907,3.376485709
3.47300895,3.657361856,3.636688448,3.422835969
3.630030106,3.755646219,3.829802121,3.541516841
3.812998385,3.961534992,3.929291173,3.81517913
3.742103552,3.960432722,3.95679252,3.73697385
3.503530697,3.713356118,3.706760442,3.582858462
3.777762844,3.931040666,3.910877758,3.782024482
3.803258422,3.937688367,3.938019097,3.768638101
3.627905596,3.814420746,3.796921075,3.691413057
3.638434797,3.83696938,3.850768727,3.636086515
3.750080411,3.893728482,3.889175599,3.749871529
3.428164257,3.647852224,3.652125418,3.455453969
3.312004158,3.575395702,3.514713736,3.403249246
3.285455014,3.479200881,3.53227652,3.408409578
3.319673765,3.554198322,3.558438552,3.472719891
3.360025089,3.591999005,3.567702586,3.466904675
3.264753447,3.488437898,3.51308436,3.37821615
3.33778588,3.599511908,3.582603053,3.508293991
3.317265383,3.573961775,3.538039334,3.436281942
3.370731721,3.570636327,3.571184568,3.462135845
3.457675499,3.610148928,3.658106836,3.500716624
3.426230217,3.606703741,3.627032838,3.467866977
3.803065851,3.936091306,3.916322324,3.834674974
3.739298982,3.896746616,3.833975371,3.715669142
3.782322752,3.971145912,3.91558449,3.743137241
3.827104809,3.95708026,3.911264171,3.724562573
4.052854775,4.123198075,4.167597911,4.021468399
3.984277671,4.008131562,4.074852996,3.86281688
3.684453635,3.792853757,3.812211237,3.709418376
3.536282904,3.743368635,3.722736726,3.629256652
4.23808718,4.180257807,4.235736707,4.079298852
4.10199064,4.07195561,4.096258082,3.989583289
4.38559815,4.257188818,4.346831999,4.185343802
4.126181605,4.15385753,4.181457694,3.958790766
3.65171843,3.81391442,3.853606964,3.665674781
3.72311969,3.829007708,3.848173716,3.654585607
3.375164616,3.665749798,3.629027129,3.475889007
3.233480698,3.440562767,3.47337747,3.396024897
3.37118545,3.551767064,3.616659276,3.495474956
3.526914665,3.767823498,3.712565528,3.558828525
3.827316393,3.955543442,3.9551945,3.754004128
3.773201142,3.868126973,3.889175599,3.755112266
3.632512507,3.818001428,3.825215086,3.629893578
3.835903776,3.939579151,3.924576469,3.761457975
3.672903537,3.865352749,3.831853784,3.69818757
3.740836207,3.861761356,3.775537635,3.870023292
3.329822997,3.50501424,3.557356797,3.416848453
3.265525335,3.515529449,3.497965739,3.353290966
3.260028,3.455423534,3.507822152,3.337359412
3.357050813,3.509256302,3.582517884,3.402175375
3.362293938,3.586677305,3.554852434,3.461536042
3.368371419,3.583085366,3.58336883,3.410988005
3.315569626,3.503790683,3.543819805,3.40654018
3.413116801,3.586204597,3.648457594,3.477988976
4.131580756,4.151737481,4.176677161,3.993744757
3.848071497,3.966489029,3.989627771,3.87800447
3.881773589,3.968370858,4.033232704,3.772523401
3.87379602,3.955774312,3.969066286,3.772688355
4.051405129,4.096673693,4.128205344,3.938894818
3.803481946,4.000529516,3.944630702,3.73947345
3.675053079,3.838521673,3.841937936,3.651592957
3.760908873,3.89447114,3.900913068,3.724337322
3.866029425,3.952976386,3.987375745,3.769967801
3.975519536,4.064839701,4.085843354,3.923244019
3.767439229,3.883343404,3.908538632,3.746497974
3.582393971,3.763008472,3.76378352,3.621358066
3.966107585,4.048581625,4.064036594,3.864911373
4.123744761,4.158905021,4.157313188,3.989316305
3.697308615,3.848238396,3.845253117,3.654753933
3.956312531,4.098643726,4.050176677,3.890379096
4.141934111,4.160852533,4.176293883,4.0129637
3.949043853,4.053093816,4.056704801,3.895574467
3.927752874,4.028139997,4.039205846,3.913098266
3.656629524,3.76705192,3.833529582,3.681128125
3.978018576,4.013965766,4.066558853,3.857000617
4.19473881,4.18092832,4.238146506,4.037087696
3.898545684,3.9708209,3.989805651,3.808058977
4.094607688,4.090998298,4.134591435,3.976945751
3.815275798,3.931213702,3.941349909,3.755493728
3.787885351,3.897495134,3.912288498,3.790935766
3.398018964,3.673020907,3.61233344,3.523973957
3.480124587,3.787814567,3.67068642,3.587121406
3.426851229,3.657074984,3.650671711,3.500030534
3.742503751,3.843257701,3.875856741,3.693067094
3.939560093,4.054789188,4.046826709,3.87905285
3.980428982,4.040222463,4.060178265,3.879009815
4.107746337,4.140394898,4.173943437,3.978568514
3.903987259,3.968819046,3.997921277,3.773676761
4.047996616,4.046526379,4.122895468,3.872287416
3.929223798,3.941252965,4.023231876,3.845284126
4.02048182,4.042654253,4.040008636,3.849265817
3.971764872,3.975532902,4.03686833,3.909435672
3.700475578,3.81463376,3.882282563,3.762566038
3.966009397,3.943880164,4.06665199,3.954411369
4.224332902,4.213161676,4.25620644,4.061697455
3.873125001,3.799271608,3.937016107,3.762265825
4.131685725,4.09681967,4.174336063,3.977174676
3.609846551,3.738954875,3.810383755,3.664712472
3.641609299,3.803566358,3.820808784,3.679632276
3.548579244,3.673371152,3.731064717,3.70182693
3.73479983,3.856402594,3.863724248,3.726156466
3.643344987,3.830768251,3.817614944,3.685786509
3.562703708,3.774633735,3.724992274,3.612916243
3.753596985,3.882456229,3.792444222,3.704750904
3.814459484,3.985318673,3.965460413,3.775228042
3.724633289,3.83372069,3.882168646,3.726686467
4.216940437,4.181574928,4.247543667,4.05356819
4.041223959,4.083029368,4.098790773,3.98933856
3.485876228,3.668050281,3.683744773,3.527726543
3.486404715,3.630712565,3.709545549,3.531861949
3.732992877,3.893839407,3.928728616,3.728191399
3.760257947,3.933760534,3.917990997,3.681444765
3.741889008,3.835474956,3.900722067,3.682348181
3.843028809,3.903827661,3.927370363,3.754501229
4.009755977,4.100156792,4.113073894,3.955350957
3.615615335,3.744527673,3.786698197,3.636913958
3.452650537,3.639466567,3.635609393,3.496860487
3.706446215,3.883661435,3.864036183,3.669804839
3.79311703,3.895533039,3.903795143,3.768453098
4.010477278,4.078195728,4.115460729,3.902628304
3.86041424,3.979366242,4.003449761,3.856048829
3.669714048,3.881681314,3.87190845,3.773768166
3.889729418,3.993938575,3.968786382,3.752067664
4.084621768,4.134559577,4.146368382,3.920775322
4.010927965,4.125019074,4.144239407,3.892289435
4.093393028,4.086445257,4.152823237,3.949987361
4.026770905,4.067398221,4.094427452,3.899396393
4.063684693,4.125116761,4.118322606,3.941014244
4.069543649,4.118846483,4.148062535,3.958324932
4.012115996,4.064083436,4.07935312,3.931305281
4.01626201,4.053355074,4.08656447,3.918095896
3.865830512,4.023737939,3.931025395,3.89084002
3.86569606,3.970802321,3.99740823,3.786307676
3.943822653,4.014428126,4.045567445,3.778603405
4.019399557,4.019589808,4.098470666,3.895698727
3.915385443,3.99236792,3.997703033,3.832492946
3.906741421,3.95840141,3.993050264,3.843186044
3.891730007,4.024756504,4.016448318,3.79433117
3.469714935,3.581335139,3.697926445,3.557416965
3.628611826,3.696006715,3.804633442,3.675388768
4.047108412,4.05734654,4.108006576,3.921725482
4.043780114,4.029253876,4.104393209,3.888024963
3.809455643,3.911828515,3.938682305,3.855534298
3.944908682,4.061226225,4.035169484,3.945899219
3.657612061,3.789834446,3.849971912,3.781018962
3.568585697,3.770100548,3.755951041,3.612253906
3.865319372,4.096158903,3.942107309,3.757396029
3.495556951,3.675301639,3.702171951,3.540298184
3.639232865,3.741939078,3.849572956,3.704900872
4.017059912,4.127752516,4.08216579,3.976384373
4.057596954,4.066624051,4.120466989,3.978933372
3.885535972,3.945291286,4.001582289,3.780281299
3.908114419,3.898944467,3.944396298,3.815444916
4.161735431,4.170760281,4.225722699,4.002371277
3.833853838,3.876656534,3.953880446,3.86773258
3.820875881,3.861558305,3.976751069,3.801112024
4.327347787,4.203049214,4.297722221,4.141034094
4.012338631,4.049473871,4.033293045,3.890770214
3.96066533,3.989325207,4.076212491,3.912912551
3.747715404,3.846794674,3.928434261,3.744625424
3.773347542,3.856051854,3.911477217,3.742135725
3.954321465,3.931651073,4.038719486,3.889063476
4.299766732,4.245181886,4.327128953,4.111287724
3.703041127,3.842921121,3.846630873,3.671635597
3.825502831,3.883343404,3.941225619,3.788769177
3.990395368,3.996170056,4.089931592,3.895463984
3.883423966,3.955543442,4.020847934,3.868556278
3.615232486,3.802746367,3.765947814,3.613683291
4.31138971,4.245399144,4.298989454,4.147544934
3.867220995,4.014335693,3.947752218,3.734539815
3.848765554,3.968090505,3.958659427,3.842016048
3.795469217,3.871210873,3.848435455,3.821169494
3.698835747,3.788111782,3.855534298,3.769081787
4.169685119,4.18284816,4.224681945,4.042073204
4.158485854,4.155603213,4.184528185,4.033805606
3.379107654,3.559236122,3.591843411,3.498241613
3.356599436,3.587980211,3.59843483,3.460333946
3.42928236,3.599271574,3.670315446,3.545307116
3.58112182,3.731121184,3.789686453,3.576801896
3.645708013,3.703995997,3.812746288,3.70344185
4.280683889,4.212677574,4.283103263,4.120327103
3.963212392,3.986664267,4.056942946,3.849142901
3.87371682,3.956629383,3.967875446,3.788663213
3.613563154,3.760814378,3.784724249,3.6599162
3.539988004,3.671043183,3.737371573,3.589251266
3.721825598,3.842971001,3.872913442,3.703119346
3.762733111,3.921520007,3.948241757,3.783349644
3.869791567,3.953643736,3.990815961,3.803474187
4.144276935,4.121336567,4.183049081,3.997277142
3.918783072,3.900290642,3.984830988,3.852998154
4.201960423,4.152820182,4.219708929,3.986894842
4.232672751,4.185893301,4.245968931,4.01428947
3.972795916,3.89181612,4.003245055,3.817614944
3.829139968,3.880207443,3.924408521,3.777100435
3.697372023,3.837702047,3.82960928,3.753946734
3.729113225,3.83346586,3.842437609,3.646084996
3.646573026,3.779668627,3.826074803,3.724767246
3.682858601,3.804521062,3.889469784,3.758116724
4.25283318,4.232635318,4.255278537,4.13228371
4.233791934,4.215722141,4.251960476,4.048140645
4.147277113,4.155754945,4.194063163,3.983445857
3.695823819,3.767808673,3.875798937,3.714539311
3.735453724,3.794223067,3.886843094,3.75591295
4.088876739,4.104937561,4.171163114,3.939980757
3.96354744,4.012845658,4.043843469,3.84132818
4.183298321,4.146785184,4.212640314,4.039513262
4.134588539,4.070170907,4.138460595,4.067182486
4.268694954,4.078449568,4.258882611,3.931623115
4.218454339,4.203587646,4.272781174,4.093824272
4.283122292,4.269363484,4.265749141,4.082839205
3.629428135,3.783489087,3.811960204,3.673642858
3.413010036,3.606123292,3.604307071,3.46978521
3.318196184,3.507720977,3.555608281,3.450980017
3.549226263,3.725584972,3.722181297,3.576024442
3.816530532,3.898582587,3.951045948,3.774334451
3.961140535,3.981474296,4.028123715,3.876160085
4.089950047,4.124315076,4.152655199,3.964907523
3.968542379,4.006560165,4.077849178,3.874510808
4.152657977,4.173017181,4.211027048,3.960375631
3.809627042,3.858934017,3.892317261,3.6856074
3.952374101,4.041337408,4.041244605,3.822298871
3.82688724,3.979675822,3.935721337,3.796314095
3.750241832,3.923917223,3.903903527,3.769598848
3.52990844,3.73650805,3.700227636,3.550503523
3.752711786,3.84334492,3.849803168,3.73271534
4.101522122,4.100687533,4.092422359,3.944235844
4.007774925,3.95732948,4.040167036,3.890267284
4.014405974,3.990152308,4.060178265,3.973347255
4.302852179,4.217515528,4.299169407,4.102605194
4.252700814,4.184100616,4.273990336,4.026063171
4.241433274,4.147039098,4.243719976,4.040809945
4.148896982,4.10462366,4.173630537,4.024834441
4.204277879,4.177449921,4.25853552,4.092088739
3.986783945,4.073513066,4.092044823,3.942851007
3.772628379,3.893783948,3.884809519,3.799012982
3.942386908,3.955658893,4.045538116,3.796088429
3.998322758,4.072036559,4.000911062,3.749369097
4.037582222,4.067323842,4.0805363,3.947715481
3.858427817,3.934892168,3.983885524,3.802927582
3.367135583,3.536684673,3.580269049,3.451402614
3.664051919,3.815205716,3.842281523,3.680018063
3.820995139,3.982026874,3.904891283,3.830877247
3.438585496,3.737001702,3.684531192,3.561667745
3.404833717,3.724767246,3.65700802,3.537535767
3.300694275,3.504878459,3.562173863,3.415265563
3.325030272,3.528993787,3.588663796,3.431283332
3.773640193,3.886704999,3.880699289,3.868424003
3.847623129,3.989814543,3.96959062,3.7632033
3.518932479,3.771675654,3.687640419,3.545492673
3.540841179,3.770159533,3.743705702,3.530231725
3.80158455,3.934690306,3.962866335,3.717691302
3.918568818,4.043990666,4.034939129,3.843824312
3.846308991,3.91351716,3.981682727,3.844368433
3.637371451,3.773201142,3.820119323,3.685159304
3.506923013,3.708760724,3.701977911,3.603496214
3.519075886,3.755737688,3.713154402,3.567055789
3.406973485,3.648164779,3.621591676,3.483729899
3.655286901,3.87464414,3.863961933,3.693397147
4.044218945,4.097396151,4.109232526,3.891676811
3.79011876,3.900072036,3.924628133,3.731205869
3.833234066,3.920457271,3.977346291,3.883519486
3.74028372,3.883002397,3.90820344,3.720076573
4.080459217,4.077898184,4.099102002,3.99829204
4.031037365,4.031578109,4.087834637,3.87398868
3.937481418,3.985911248,4.006102195,3.86284666
3.720369819,3.851698537,3.875914537,3.677378797
3.413330251,3.564073979,3.624849094,3.561965533
3.663349648,3.874702098,3.844694579,3.713301496
3.906530935,3.927370363,3.930210153,3.741762019
4.021016299,4.131881599,4.089878629,3.89932795
3.815257675,3.919789125,3.932118472,3.785721236
3.566555331,3.673463275,3.738800371,3.608312043
3.600398602,3.7513561,3.751933133,3.639212479
4.007080194,4.080713049,4.066875435,3.885474303
3.912661589,3.963806709,4.057532981,3.907478542
3.539760207,3.666012257,3.730075367,3.623481886
3.710732622,3.807034151,3.913999182,3.752221363
3.342691788,3.573266236,3.594171479,3.442754056
3.389987164,3.569561166,3.602873531,3.427080188
3.418150573,3.673923596,3.652149605,3.493004698
3.457000584,3.661168809,3.687573548,3.494537217
3.440937691,3.637209449,3.658273803,3.475961589
3.703338284,3.821172772,3.863174104,3.64770075
3.345551939,3.504470862,3.581067437,3.437274797
3.409702626,3.552303109,3.634250491,3.475997876
3.459556962,3.61953158,3.6259038,3.492061605
3.918525954,3.973681919,3.994756945,3.775428392
3.618542521,3.826541257,3.848573959,3.699165393
3.863133525,3.957051494,3.993072329,3.828788748
3.892645979,3.948080271,3.96324462,3.841312534
3.8910963,3.954975366,4.00225248,3.785899028
3.588363396,3.660182207,3.741604574,3.69964264
3.671635597,3.882843169,3.867099036,3.690240394
3.831811624,3.946913826,3.931623115,3.784207051
3.586894046,3.673131541,3.752010013,3.62797999
3.908899131,3.915695245,4.03666881,3.868188748
3.723433281,3.771543388,3.912978887,3.720242018
3.686571275,3.750554676,3.870228279,3.705564391
4.034041126,4.019930089,4.089286773,3.964813344
4.235282767,4.129019247,4.249571323,4.047109298
4.037085883,3.989351912,4.089295612,4.012362615
3.987524076,3.991739835,4.08068059,3.890085527
4.112793837,4.117291187,4.124063838,3.999010854
3.988980319,4.122268318,4.054775789,3.884001925
3.505199327,3.652265686,3.695788026,3.537378283
3.491450836,3.63546364,3.70359227,3.53058386
3.958246701,3.993771191,4.032296345,3.835547897
3.482665737,3.689344383,3.700768597,3.680267508
4.162156912,4.140338314,4.189883163,3.975339885
3.329342399,3.508395033,3.563421751,3.416598906
3.449324093,3.585821552,3.642019115,3.441695136
3.78827767,3.878533285,3.906644757,3.71092087
3.874745298,3.957013138,3.98721923,3.847588081
3.966790023,4.021817537,4.040641892,3.854837196
3.937996328,4.010613689,3.979775933,3.873451394
4.021200579,4.037522112,4.085281657,3.861967295
3.724804448,3.822704076,3.877198515,3.699577591
3.367863967,3.57191836,3.60154396,3.447661831
3.446042663,3.593418994,3.669084327,3.486642969
3.405439503,3.53869938,3.674378834,3.49248101
4.025015245,4.000416723,4.103521509,3.879239282
4.003323423,4.003374354,4.090072794,3.924447284
3.583878598,3.700305576,3.754692271,3.725196744
3.804275767,3.965765964,3.948926186,3.767137306
3.67527829,3.863465618,3.845035994,3.758703775
3.899233356,4.031901059,4.038331994,3.809290301
3.815124745,3.918135226,3.972862113,3.75037338
3.615318657,3.831293744,3.797717533,3.653043589
3.407730728,3.649840916,3.637514746,3.498517311
3.336113907,3.614074229,3.591815621,3.433049412
3.431553818,3.666873507,3.60457702,3.515410172
3.424703489,3.679682221,3.650477516,3.508327675
3.556642346,3.761717403,3.82631781,3.59117595
3.774311216,3.999869692,3.998161219,3.691876823
3.449239903,3.708726753,3.686546899,3.485046753
3.567934876,3.737176734,3.733357788,3.598051468
3.662345657,3.886840276,3.864718686,3.658488381
3.613966684,3.8367291,3.797128988,3.650671711
3.700144957,3.821932555,3.835325865,3.73553902
3.613861034,3.754944317,3.757889265,3.660319897
3.624357113,3.790383696,3.798633384,3.614290678
3.376693063,3.62275267,3.667639706,3.496998798
3.480516502,3.694570103,3.674447768,3.424473273
3.671660824,3.882934164,3.854017429,3.630961516
3.805692353,3.929919353,3.908886957,3.684800494
3.839695112,3.974050903,3.940267391,3.884512159
3.93132378,4.084097039,4.077022513,3.904025426
3.803742579,3.950744453,3.977060228,3.795393335
3.699364638,3.827343421,3.866597439,3.698013504
3.682965119,3.814180981,3.877011204,3.601516784
3.462724617,3.698970004,3.671103387,3.511415407
3.456573054,3.742725131,3.705714077,3.567643826
3.690799966,3.961307166,3.822020891,3.693155133
3.621789792,3.853004246,3.819527485,3.631519865
3.43717381,3.660827547,3.650258942,3.476142991
3.783299251,3.954300412,3.916440788,3.719538439
3.81190998,3.983824673,3.964836891,3.755855807
3.816090582,3.930745328,3.94553013,3.729367305
3.905697779,3.995459687,4.027084464,3.837477957
3.986942651,4.045971979,4.072553173,3.882752156
3.891689477,3.930949031,3.96615347,3.804752602
3.874292013,3.974493271,3.999097903,3.865932668
3.810464699,3.96226513,4.019967421,3.741387992
3.769652534,3.867337828,4.002544014,3.772376724
3.835782781,3.996196344,4.026012044,3.871748019
3.758616026,3.895245698,3.917400468,3.716253826
3.672668702,3.855361642,3.860772084,3.632457292
3.542021482,3.802322098,3.749020918,3.598981904
3.627970691,3.867750247,3.865592503,3.624771819
3.648546287,3.774356357,3.79846073,3.754692271
3.717594862,3.983166043,3.897750765,3.634603207
3.329619732,3.533263517,3.593202967,3.399067709
3.388198117,3.568483337,3.661954589,3.431082186
3.416549736,3.670468511,3.636613252,3.454425602
3.654526568,3.836804992,3.82087439,3.653236641
3.578138895,3.865530357,3.750334797,3.557687619
3.570553553,3.829097836,3.774170122,3.533676752
3.893872679,4.017500789,4.023951707,3.788327489
3.953676242,4.082275403,4.104307825,3.864229173
3.682604491,3.825880299,3.827223838,3.648774589
3.708111739,3.864902482,3.87334967,3.708845638
3.37103426,3.57065967,3.564961804,3.39260903
3.290156075,3.493792531,3.529398269,3.358791162
3.356911978,3.557867962,3.592676297,3.399370821
3.763216921,3.908570797,3.973854919,3.701503225
3.86667929,4.023844837,4.080410007,3.813197226
3.857535339,3.954039791,3.993733742,3.782114147
3.69455734,3.736476182,3.83298765,3.714832512
3.731434915,3.856438861,3.859333476,3.691810601
3.899397638,3.96678917,4.014436528,3.809627042
3.789426862,3.935900069,3.964801571,3.745406634
3.629909778,3.880870733,3.836672171,3.642167634
3.880777226,3.960974704,3.992575608,3.839776483
3.737019064,3.891225144,3.911783288,3.735618858
3.954882512,4.053070757,4.061904634,3.828579345
3.609720498,3.836501343,3.777644278,3.605439732
3.48951105,3.725209009,3.702279714,3.503858749
4.12155686,4.15181097,4.15992044,4.033293045
3.613524703,3.863394245,3.80940819,3.799736749
3.605412798,3.748699573,3.774279681,3.675182381
3.767520156,3.898823874,3.931139916,3.761363942
3.819663559,3.988291342,3.936752438,3.84828151
4.132079133,4.13583205,4.158942672,4.034247329
4.227550165,4.184952497,4.252331079,4.047420906
3.83306014,3.858958055,3.927190653,3.837714668
3.592429122,3.698100546,3.793545938,3.600809596
3.827874246,3.901425625,3.934182716,3.767304317
3.772555064,3.980657731,3.900749358,3.723660867
3.843447974,3.945773764,3.980662271,3.799443941
3.693255155,3.905007501,3.969101261,3.725625818
3.531351165,3.737923805,3.724337322,3.561011891
3.891648944,3.997692118,4.00691508,3.777082295
3.663983455,3.781453776,3.827563111,3.630631244
3.583456408,3.756286098,3.810753225,3.589502796
3.819520007,3.946904011,4.001625558,3.767100184
4.041503936,4.043338696,4.12659404,3.835040228
3.838144722,3.909020854,3.932448396,3.823572032
3.933662112,3.972591585,3.993744757,3.845516622
3.948070482,3.990622963,4.029119874,3.826576868
3.861463806,3.94445306,3.991226076,3.853683005
4.201804162,4.189574526,4.222722973,3.999717617
4.021317125,3.983923832,4.077876404,3.864140111
3.823954142,3.795017521,3.931025395,3.847588081
4.224507165,4.163429743,4.242622168,4.10625891
3.791633241,3.828981954,3.930018859,3.800854492
3.912946323,4.019564899,4.041116228,3.831565854
4.015603587,4.038898212,4.110008579,3.928754202
4.073848269,4.084754963,4.13069553,3.951191758
4.225029532,4.198393132,4.256663636,4.050292734
4.039583549,4.12197982,4.126220726,3.993303938
3.602750365,3.670561252,3.767582527,3.696509282
3.801952235,3.912466511,3.926252388,3.813981076
3.850417863,3.93276793,4.005352136,3.796383507
3.693639026,3.794752865,3.874728177,3.820201459
3.775676631,3.895433597,3.902152528,3.715397414
3.365624106,3.652188302,3.609220777,3.471804932
3.303038889,3.5470359,3.547805462,3.47337747
3.757306289,3.878441363,3.914898234,3.751779332
3.941791416,4.055966677,4.073590059,3.840278648
3.942391417,4.010299957,4.067749492,3.876506504
3.862342835,4.02949741,4.011876921,3.769635758
3.580800607,3.815192423,3.812411958,3.644389347
3.415913807,3.709219064,3.65236723,3.486217885
4.00433701,4.052031802,4.108928475,3.828095721
4.101171965,4.117569563,4.149627035,3.96664616
3.809106514,3.942246229,3.95201709,3.700811845
3.944635187,4.062363842,4.034578327,3.847047981
4.042915427,4.136568379,4.141308644,3.932093083
4.068627693,4.023170121,4.122903649,3.880799306
3.811836917,3.923616999,3.988224412,3.747275827
3.454012878,3.560599985,3.641498898,3.519959181
3.328824236,3.548217386,3.589418969,3.440830398
3.322970669,3.576272226,3.550686873,3.407050815
3.549003262,3.717720419,3.719269122,3.599419068
4.004114145,4.128198878,4.116848399,3.877356946
3.934057506,4.057445478,4.0583406,3.847973456
3.5231787,3.739967697,3.708697027,3.591843411
3.342135449,3.545331862,3.563925831,3.411745936
3.54873551,3.749210517,3.763259485,3.572464987
3.825172277,3.926054194,4.013700738,3.913098266
3.910017696,4.008105987,4.001106041,3.864822451
4.066163225,4.141681753,4.167627434,3.995020606
4.086087907,4.115856708,4.142186039,3.951507511
3.748976936,3.906938109,3.862086635,3.874061236
3.610505307,3.758715129,3.771422109,3.647456324
3.864462536,4.020444155,4.063858549,3.812879948
3.664966592,3.852577577,3.805007834,3.617419747
3.985504042,4.111269236,4.094506066,3.904404451
4.054731413,4.073285673,4.118008308,3.972515251
3.940923785,3.980403375,4.052376472,3.894634465
3.750844872,3.861797178,3.888235673,3.748808005
4.258084105,4.231020792,4.289466316,4.071476968
3.833199287,3.903654203,3.951325374,3.751567768
3.383537929,3.598418408,3.613207352,3.445993182
3.309359133,3.528042092,3.565523157,3.42373725
3.289426781,3.47633882,3.543385045,3.385606274
3.726289954,3.842059784,3.910063835,3.712376077
3.335658452,3.587441552,3.576744354,3.415849405
3.377008052,3.644674876,3.598817854,3.406838123
3.360679458,3.556230112,3.599337133,3.426185825
3.579336604,3.714229139,3.77633791,3.582120204
4.225227021,4.21426617,4.270777793,4.051798658
3.988035737,4.067992799,4.076931575,3.863040179
4.028112613,4.00624349,4.082543031,3.862205943
3.95733732,4.06703364,4.11116166,3.822707342
3.905329702,4.010715391,4.039949221,3.884058647
3.732576505,3.887696051,3.905148002,3.690262549
4.062493099,4.111101136,4.094575934,3.944827996
3.724849088,3.925940899,3.829094618,3.673941999
3.906109656,4.036972044,3.972908341,3.906159888
3.730136004,3.905709552,3.834706748,3.732474177
3.568233735,3.710252796,3.75089392,3.591315089
3.672660312,3.812846537,3.840513839,3.700876708
3.715471539,3.807332039,3.870871895,3.686859614
4.0313901,4.08360294,4.065178096,3.868026937
3.916908344,3.967650922,3.967594773,3.83298765
4.007313189,4.016774356,4.115535627,3.91875094
3.997648455,4.034748743,4.041994358,3.914924648
3.813022676,3.93114246,3.916164322,3.746634199
3.735105103,3.823995591,3.908444805,3.754176266
3.829028779,3.941998126,3.844663528,3.708654557
3.784344922,3.837967018,3.898697763,3.743352951
4.178016307,4.156736881,4.218522376,3.976796884
3.993812843,4.00050349,4.045029437,3.886955792
4.007503375,4.027316983,4.094750552,3.969404263
4.117075352,4.081138393,4.136411379,3.95583201
3.972055495,3.987433864,4.045009861,3.86880602
3.826492985,3.850535963,3.96914789,3.842889943
3.735460983,3.758154622,3.861011389,3.809963522
3.990048097,4.062062777,4.093728035,3.915149107
3.840659165,3.822991411,3.901335699,3.735339363
4.109225618,4.062077835,4.143397373,3.877558501
4.072577392,4.061565562,4.106437392,3.917912306
4.129121317,4.135476133,4.177716817,4.018357171
3.975882789,4.023968147,4.007363654,3.926676786
3.842773714,3.819938569,3.904228516,3.798218898
4.069816043,4.123237317,4.147212417,3.918554531
4.011693445,4.042394355,4.087648342,3.92860066
3.760669172,3.800015594,3.846785404,3.747100931
3.867108418,3.969602265,3.957056289,3.828321479
3.967913705,3.95375003,4.026247181,3.824711443
3.859416707,3.953034457,3.94512377,3.802722428
3.776984987,3.776090709,3.873785461,3.80451425
4.046817848,3.963740619,4.09768237,3.986570211
3.952730818,3.957156958,4.041175484,3.849496192
3.99830294,3.971971276,4.096466807,3.904688502
3.713345423,3.810957977,3.859648579,3.718023951
3.682448673,3.671061708,3.817152031,3.737431201
4.315556262,4.186119697,4.288763276,4.098894541
3.899059049,3.952162574,4.028855809,3.80078579
3.772734997,3.89897735,3.86804165,3.727317546
3.486623656,3.704905156,3.699902735,3.573712668
3.679312246,3.945025201,3.829175074,3.625646791
3.755479863,3.975054797,3.957942335,3.722201881
3.452901084,3.727411112,3.634275695,3.705329064
3.390967205,3.62765256,3.646207612,3.486784571
3.334636497,3.6539261,3.565552681,3.399457385
3.309301032,3.527836045,3.548358703,3.411198674
3.33370369,3.570099079,3.600945683,3.428620673
3.286844169,3.487053489,3.539264336,3.384263786
3.295387148,3.48515335,3.542296236,3.394758031
3.325832742,3.561149106,3.578094568,3.443302111
3.686798713,3.822089585,3.860248143,3.657605547
3.710540448,3.911317442,3.853013385,3.741939078
3.458761425,3.730006634,3.696116018,3.524136377
3.502302947,3.728158915,3.695021746,3.552303109
3.82200156,3.936955854,3.978020653,3.795654125
3.38490707,3.617629298,3.636061416,3.557386882
3.803754986,3.924961213,3.960339946,3.873422332
3.89114703,3.930205053,3.973693454,3.84539264
4.047929445,4.081476929,4.130856216,3.925827575
4.075454054,4.142952307,4.126926507,3.929188944
4.065712091,4.078377057,4.044960916,4.03686833
4.002067838,4.095845557,4.098115677,3.909288524
3.888751162,3.949760707,3.975581143,3.873553094
4.006217025,3.988273495,4.033363433,3.862772207
3.556335401,3.684001077,3.712775932,3.624282096
4.215839369,4.155074775,4.214943142,3.991989851
4.176633131,4.117827897,4.20716293,3.999685022
4.118291788,4.053024634,4.177969136,3.962866335
4.162605135,4.124027935,4.193020188,4.057323705
3.835217691,3.856100249,3.944211153,3.792566773
3.837123366,3.869783041,3.951847297,3.80078579
3.835794306,4.000581565,3.958049975,3.818258893
4.158452961,4.153259832,4.177630274,4.037794894
3.765268817,3.863287163,3.887082542,3.716003344
3.76080616,3.886287631,3.870886512,3.679473323
3.901002338,3.844315606,4.010140884,3.828321479
4.156978443,4.172731333,4.200412701,3.998564458
4.196854201,4.089566018,4.213524398,3.979457318
4.25041113,4.194841674,4.254149126,4.085022853
4.006835415,4.140966607,4.161667412,3.931534145
4.179295818,4.149212952,4.165830213,4.013858512
3.971305374,3.930653631,4.002274082,3.825003952
4.069795871,4.009382899,4.103170626,3.959470702
4.34423146,4.250156418,4.27246821,4.217950889
4.004872199,3.980167054,4.053270567,3.919836138
3.679890193,3.676565588,3.847341262,3.694034538
3.677698181,3.665731045,3.817267806,3.700465742
4.130906601,4.140275435,4.171031319,3.991868179
3.33070886,3.536709914,3.536779321,3.388234455
3.346441887,3.565139152,3.572697385,3.412712483
3.589451994,3.844526878,3.831453829,3.628261178
3.719157957,3.866287339,3.868673821,3.694012575
3.811885627,3.969881644,3.978739579,3.7750276
3.457441464,3.757623746,3.662025523,3.450980017
3.714108669,3.9259615,3.882609909,3.662734228
3.866539731,3.995529898,4.007246215,3.784224895
3.936248625,3.93415492,4.021034166,3.901485566
3.880356199,4.000971732,4.022438682,3.857844903
3.809400536,3.995477241,3.974557745,3.724439723
3.681693392,3.911381359,3.868409303,3.641672373
3.425237713,3.6551,3.657677195,3.537535767
3.896385906,3.977110589,4.009100174,3.804054201
3.866136908,4.023178356,4.01125317,3.800080976
3.902571485,3.965794158,4.010511963,3.847480115
3.970976261,4.029692139,4.037296987,3.928549467
4.004852678,4.042150066,4.074789022,3.88657532
3.86020729,3.944847721,3.943333728,3.769580393
3.978064258,4.017575868,4.046621961,3.872287416
4.009856336,3.997430074,4.050273393,3.90845821
4.096426493,4.108747633,4.153799626,3.967805294
4.170800248,4.166501158,4.193611515,3.999685022
3.725101956,3.860804996,3.880799306,3.679972694
3.709670758,3.876287137,3.846862649,3.728089878
4.017807091,4.100018831,4.06827865,3.910944406
3.989745018,4.03536569,4.026717076,3.941474163
3.633257225,3.688811223,3.7784226,3.650914334
3.882922791,3.917421478,3.98679412,3.839147959
3.601348746,3.717936656,3.777390569,3.683047038
3.950550713,4.025084565,4.05415324,3.819987873
3.975155978,3.935265364,4.057989233,3.924860541
3.814423167,3.911668869,3.959637541,3.764829698
3.591600817,3.828569678,3.773127924,3.697839368
3.335713132,3.54528237,3.559936534,3.487951033
3.637726189,3.840908672,3.803491257,3.649578229
3.406230413,3.613651578,3.651156821,3.495232033
3.434786577,3.61672751,3.659987468,3.450056559
3.927043563,4.063948518,4.010914489,3.850431791
3.969458272,4.091891959,4.080960015,3.908069291
3.682555291,3.83794179,3.863069944,3.711132072
4.057347924,4.070518097,4.08905688,3.925105727
3.675894938,3.767259787,3.821136714,3.736237099
3.564698337,3.807562086,3.750083921,3.668502396
3.665120273,3.837285336,3.792671789,3.587093312
3.862695032,4.01375544,3.986323777,3.795862645
3.849330055,3.918680243,3.933929962,3.743862388
3.658124186,3.761702368,3.787425049,3.658106836
3.896330771,4.030105649,3.997637538,3.858146036
3.675811658,3.90439092,3.792689289,3.716107729
3.34401695,3.532932645,3.571126277,3.40092635
3.934966466,4.041519007,4.050263723,3.835310001
3.250708253,3.419493135,3.479611296,3.305512587
3.31753153,3.530967682,3.539389782,3.368333381
3.425815715,3.544539308,3.659749863,3.431524584
3.288106891,3.480093218,3.539577883,3.408579125
3.461471241,3.679155241,3.67313615,3.540454614
3.660235734,3.884682104,3.822217131,3.60662317
3.92170066,4.149828545,3.950218767,3.849987249
3.926711842,4.0309234,4.019375958,3.765407751
3.884017395,3.996047359,4.017409009,3.769432717
3.847914621,3.969341349,4.028133892,3.758760544
3.537051679,3.769052222,3.69508748,3.553458229
3.493888773,3.72566666,3.693309157,3.546110622
3.378662131,3.577997034,3.600809596,3.463892989
3.854085111,4.013469232,4.007064656,3.841124738
3.611607455,3.812619273,3.756350795,3.625775314
3.488268615,3.707808547,3.695328421,3.543912911
3.63667022,3.86284666,3.758003009,3.727642906
3.666007146,3.873727381,3.76367128,3.776301565
3.645886507,3.899568823,3.859318465,3.61650177
3.972619339,4.037784942,4.075127062,3.84906606
4.234084522,4.206566841,4.223813823,4.097387474
3.900838662,3.986780689,3.969252788,3.769192638
4.006434923,4.070946162,4.082453241,3.90323925
3.96890303,3.997272771,4.031751724,3.831581855
3.677025957,3.836248139,3.824369934,3.77267003
3.733073184,3.892461927,3.824727699,3.866316882
3.551882303,3.718485081,3.735199548,3.560803002
3.471864879,3.708233884,3.67635061,3.573074767
3.65501613,3.854099475,3.851197176,3.672790329
3.733802564,3.889436173,3.856608068,3.759611194
4.180378753,4.160438517,4.159725062,4.042349053
3.423990166,3.688241796,3.611378071,3.507147205
3.377090905,3.558180378,3.605897352,3.471511737
3.834836706,3.994149915,3.972168112,3.828305357
3.753297474,3.970309676,3.846584503,3.738661666
3.759866922,3.94029729,3.874090254,3.77458995
3.758471459,3.878452854,3.9095694,3.739730529
3.590477052,3.824529338,3.80326929,3.60441507
3.488204476,3.690993032,3.739176632,3.565109599
3.750290948,3.970011959,3.958516103,3.691037264
3.973589623,4.060962113,4.06184814,3.86362022
3.831415996,3.964061535,3.950279643,3.761307512
3.491514498,3.624447117,3.669851283,3.541953474
3.39931179,3.624694531,3.622576647,3.51054501
3.627775375,3.720523131,3.808227858,3.65578651
3.945262625,4.058911677,4.052818942,3.853774237
4.013955061,3.986278956,4.045753148,3.894924977
3.683415483,3.820359117,3.840074714,3.692031301
3.807885422,3.922922584,3.904904798,3.790038736
3.714657377,3.811145861,3.852113861,3.680743323
4.08818443,4.112531272,4.123042708,3.937405041
3.858744944,3.962037687,3.986894842,3.792251572
3.863998384,3.960765598,3.989015751,3.822740003
4.073091528,4.100411905,4.162504665,3.960874916
4.002884381,4.0493731,4.104939266,3.893220637
3.87538752,4.002520267,3.995558419,3.811088833
4.267926552,4.215002707,4.257630584,4.103230553
4.231541411,4.191758321,4.245876484,4.084701365
4.071363087,4.04989995,4.094802924,3.92319219
3.641320845,3.782056764,3.817697555,3.810030786
3.700868847,3.837373763,3.873916113,3.790513865
3.764352777,3.957731764,3.929776433,3.792671789
3.883996768,3.932838906,3.960423207,3.780029127
3.657620746,3.843755859,3.830781076,3.727622578
3.798976918,3.914554699,3.91947035,3.713721489
3.695680629,3.787148634,3.842094146,3.687239038
3.762317013,3.926599654,3.921296215,3.722880611
3.839883527,3.964561315,3.943234752,3.816075507
3.747708346,4.023565204,3.865548114,3.774407466
3.643874204,3.861367113,3.854897858,3.607696231
3.489459885,3.627447791,3.718563964,3.542109309
3.458527974,3.594834356,3.663936379,3.495162601
3.893075465,4.058296932,4.025264892,3.854852362
3.942594237,4.004123531,4.058302628,3.85121247
3.753262634,3.933649232,3.946906465,3.757775491
3.456945442,3.702085721,3.676121793,3.641622816
3.431115107,3.721002257,3.668525689,3.599500987
3.422410749,3.661926212,3.673527749,3.585404324
3.356338812,3.559954479,3.562352353,3.411788005
3.502551257,3.756346989,3.718397878,3.549708112
3.336386951,3.585550963,3.557867962,3.471475074
3.287048082,3.499412126,3.506944516,3.399673721
3.29839652,3.486487153,3.512884424,3.415474168
3.321014385,3.544638457,3.566820351,3.421645051
3.530932803,3.72269972,3.724501153,3.565729788
3.545104601,3.756529613,3.766115283,3.554458873
3.754153666,3.876748834,3.865858742,3.752259779
3.435395483,3.693075899,3.662001879,3.467423103
3.318139254,3.50609896,3.537252254,3.384263786
3.298177997,3.481958316,3.524038932,3.393487458
3.417456595,3.624282096,3.638489257,3.612889769
3.731976813,3.897043976,3.884851983,3.738879611
3.496791316,3.693973038,3.701265687,3.592759498
3.915888879,4.058091823,4.053481804,3.809526047
3.776199125,3.886456883,3.923723137,3.727805494
3.689236188,3.864261824,3.844275204,3.70425779
3.710778731,3.869219982,3.884809519,3.660675788
3.741165929,3.930276449,3.894565267,3.695591112
3.576205186,3.733133039,3.745679727,3.57333584
3.519147571,3.769052222,3.699512533,3.580582877
3.86122475,3.948236865,4.008610816,3.805126891
3.362653801,3.545554507,3.616239135,3.461873533
3.812049984,3.884999157,3.952925568,3.761533188
3.766716963,3.88337749,3.918672387,3.752355804
3.618475997,3.882786288,3.835230673,3.633922712
3.732525344,3.914226765,3.851548801,3.655882439
3.363629071,3.622980358,3.585742647,3.396460892
3.31250432,3.531223375,3.532244644,3.374610889
3.316122903,3.599883072,3.558198395,3.404277669
3.509996312,3.676529004,3.688642252,3.504402892
3.701191061,3.832815365,3.845082529,3.638389408
3.68824989,3.808116404,3.822478646,3.700876708
3.829502596,3.969984038,3.939344501,3.751202095
3.607455023,3.856233307,3.759252234,3.638988159
3.542542517,3.8109714,3.717504075,3.590089134
3.350670827,3.603750446,3.581295279,3.429429264
3.480425087,3.681566836,3.662120084,3.525854303
3.337404801,3.573219827,3.577606677,3.419749286
3.219441627,3.461978477,3.468199586,3.357172258
3.417984723,3.567355787,3.653887558,3.509471352
3.316237287,3.530967682,3.561727319,3.429227258
3.295347148,3.532881719,3.530647854,3.429308072
3.24631949,3.498531092,3.491606791,3.342175852
3.308428584,3.535850875,3.558108302,3.394889257
3.430734532,3.614053106,3.660319897,3.474907961
3.563049381,3.719728932,3.727500591,3.606999043
3.985222283,4.059692135,4.055750915,3.900722067
3.985846806,4.104923917,4.066251362,3.910744433
3.692029295,3.838181401,3.85672889,3.684665864
3.710394339,3.832151111,3.89967006,3.719124036
3.574904243,3.818793142,3.799891685,3.579268996
3.801041803,3.961212203,3.971415023,3.745718726
3.782804766,3.939329519,3.937831213,3.73251438
3.720046485,3.872331121,3.83892776,3.690129601
3.8250896,4.04676822,3.978648353,3.798805969
3.485876228,3.657763157,3.66480645,3.572494043
3.588974161,3.774662923,3.814513952,3.585658091
3.827839035,3.977860729,3.957164148,3.813480909
3.630030106,3.827420972,3.762734816,3.683047038
3.839369474,3.972924519,3.999663291,3.839242295
4.047908231,4.130198634,4.121173962,3.929955076
3.650837151,3.808643026,3.817185113,3.683159652
3.566566042,3.770071052,3.744820858,3.584161545
3.515970129,3.701032342,3.717254313,3.545956217
3.534994742,3.825335225,3.70372116,3.58407668
3.650951818,3.808400049,3.800820142,3.572174314
3.798355534,4.006697034,3.939905952,3.697098511
3.304157472,3.551498792,3.540079089,3.383411392
3.292719126,3.515025612,3.53898195,3.381340747
3.803457116,3.924878612,3.957499538,3.80677333
3.384662897,3.611956851,3.567526282,3.401012605
3.593265923,3.779884963,3.7945229,3.618518763
3.339126073,3.552984394,3.562025066,3.512484276
3.399484925,3.618696438,3.641300556,3.492620722
3.349524767,3.630488896,3.557266529,3.441341588
3.680780378,3.912732066,3.785863476,3.634376494
3.931578055,4.111215451,4.009174593,3.820808784
3.321014385,3.554804015,3.554398294,3.418301291
3.798273872,3.950549828,3.894399147,3.704171974
3.397892629,3.593728999,3.606220087,3.441773663
3.859689484,3.986216199,3.959601795,3.766078073
3.652659423,3.880905013,3.825977562,3.658559884
3.377438719,3.607176127,3.579440597,3.440082192
3.574893736,3.778845566,3.775883389,3.572929659
3.585891221,3.741198888,3.772229996,3.64603594
3.351233931,3.525407648,3.596652066,3.420615771
3.32142895,3.497289106,3.566820351,3.426836454
3.393415653,3.590596653,3.676807883,3.506335882
3.471984748,3.693128723,3.68926445,3.54669686
3.762194153,3.86743213,3.900913068,3.753123245
3.56805231,3.718800527,3.770446972,3.682415862
3.941181544,4.031440783,3.985740741,3.871864702
4.059941888,4.138024661,4.115360845,3.954893463
3.972068126,4.075503165,4.037326878,3.904931827
3.942377892,4.037816789,3.998357436,3.847063422
3.644214715,3.705401815,3.79591476,3.643403322
3.595556341,3.769406869,3.764269559,3.586531045
3.377074336,3.568459876,3.606999043,3.491431736
3.543368097,3.772761647,3.77715485,3.629256652
3.596016983,3.722765507,3.767786434,3.585150408
3.608175812,3.808831914,3.781450185,3.615423953
3.824711443,3.939449361,3.951762375,3.759460089
3.945571529,4.007875744,4.014657022,3.788928075
3.889988898,4.052054917,4.022644846,3.754290987
3.474308996,3.717687142,3.68455364,3.524590829
3.316656435,3.595341877,3.558378525,3.418011112
4.226123994,4.198964832,4.260947445,4.022304623
3.27600199,3.503817911,3.528338112,3.398070277
3.395040318,3.645972158,3.611617111,3.479143248
3.31098281,3.520221436,3.565788807,3.438502794
3.286864565,3.533467005,3.536305872,3.4141792
3.274388796,3.501387941,3.508361355,3.387656729
3.316789715,3.49579402,3.543043142,3.411493439
3.518035115,3.729262009,3.770833609,3.569403174
3.892337497,3.989805651,3.981206813,3.743117625
3.974976177,4.045753148,4.051181474,3.886222734
3.870733678,4.019581505,3.96768835,3.830026994
3.686774351,3.841371986,3.852052809,3.634174872
3.353181561,3.662228803,3.538856386,3.410144305
3.490864709,3.790327395,3.69050618,3.564725228
3.326559283,3.601495041,3.553154548,3.388589597
3.417607554,3.571079639,3.653260766,3.465717367
3.660977528,3.832930229,3.851074805,3.670593706
3.870701775,4.019224331,4.017252519,3.833784375
3.88999907,3.973857225,3.989004616,3.872083398
3.786125205,3.890085527,3.858161087,3.758211463
3.911002562,3.943445049,4.028805009,3.849019949
3.326037786,3.548340273,3.571563266,3.42078062
3.302153758,3.552424846,3.543012046,3.387389826
3.502576081,3.759516759,3.708803183,3.532754379
3.693750925,3.799464616,3.821857291,3.739354747
3.379008688,3.599708446,3.643353962,3.424514127
3.23202531,3.426446194,3.491501766,3.347281215
3.287353773,3.527088306,3.503177609,3.389520466
3.292034436,3.596970758,3.550686873,3.446770095
3.275227566,3.493625323,3.512317438,3.414555556
3.517591731,3.738828106,3.737967477,3.597173939
3.799991816,3.964683815,3.894399147,3.682167648
4.139936302,4.119071044,4.174227036,4.053078443
3.433798917,3.640123518,3.634124452,3.5176247
3.69584768,3.918868743,3.846970769,3.665838865
3.986767664,4.10449394,4.057285644,3.844492708
3.891537458,3.976982387,4.003794311,3.8338958
3.816102641,3.948530327,3.956996355,3.799650649
3.611829479,3.768223585,3.815909651,3.610473845
3.671290681,3.840495028,3.883164409,3.674585602
4.025919999,3.992093797,4.079994786,3.939756303
3.772761647,3.913432353,3.916124813,3.756084333
3.959410017,4.035885808,4.076084934,3.878737166
3.629372526,3.762918522,3.780209265,3.641647595
3.596447141,3.864807629,3.783206578,3.634779458
3.62838893,3.932575223,3.815660748,3.672790329
3.911104318,4.033576536,4.028103362,3.864718686
3.85698141,3.950666613,3.956360554,3.782418872
3.808444237,3.983752543,3.949646116,3.659060072
3.554819422,3.793943967,3.722880611,3.547590122
3.328564922,3.579349085,3.549279209,3.391684765
3.37012601,3.630061571,3.57382855,3.464750284
3.717799063,3.885055749,3.849204363,3.687573548
3.593296139,3.84668342,3.766022253,3.570192561
3.378761175,3.703136552,3.609327562,3.43992451
3.318120275,3.539226695,3.557416965,3.396417312
3.744492122,3.874609362,3.879425634,3.736017824
3.66667962,3.830267801,3.844446109,3.6976216
3.696880372,3.948559662,3.883349085,3.649797146
3.681438599,3.748777027,3.841375115,3.740560051
3.650431161,3.831984889,3.793161529,3.592010116
3.329138908,3.503545557,3.564251689,3.387656729
3.277296585,3.505936425,3.521039964,3.371898695
3.368405228,3.635141806,3.552120441,3.435764759
3.776099965,3.943978993,3.886180404,3.793074116
3.715053235,3.871129075,3.893026222,3.677059177
3.475922001,3.648750213,3.678062905,3.543385045
3.688387459,3.912742685,3.890965641,3.691633959
3.84247875,3.981492424,3.975029498,3.828981954
3.976558384,4.009918085,4.056704801,3.866257794
3.705894799,3.871280973,3.84749554,3.779686659
3.440594262,3.643827587,3.653935735,3.514381706
3.920550198,4.058873755,4.043401579,3.783456912
3.720587746,3.860840898,3.881213416,3.71472782
3.428900175,3.692494408,3.646134047,3.517096883
3.506197437,3.69642629,3.681286474,3.518744187
3.771620882,3.928866765,3.948816262,3.737629899
3.442722006,3.651646233,3.658774321,3.465605891
3.420330884,3.638389408,3.651931871,3.480617689
3.742003445,3.894792196,3.887575106,3.788345165
3.512174817,3.70111878,3.739433886,3.591593234
3.703463342,3.873541472,3.868556278,3.730640986
3.601714392,3.80611211,3.744762237,3.589363075
3.743659397,3.93558787,3.864184644,3.6673829
3.819579826,3.985731765,4.04627074,3.746964853
4.201920743,4.198453636,4.252325006,4.032820149
3.312523546,3.492257378,3.566908655,3.443693156
3.866700756,3.926301279,3.959184543,3.856003454
3.955118987,3.935356093,4.029647521,4.00045577
3.69455734,3.767897616,3.826285417,3.679745778
3.781350584,3.924475708,3.912660382,3.760026462
4.138601218,4.210644854,4.168512215,3.949365607
4.093007571,4.110010265,4.130172889,3.95604831
4.027175336,4.086096326,4.081311295,3.861459732
3.474706192,3.65390683,3.650598898,3.542949849
3.807621116,4.022329375,4.00839788,3.784099967
3.471251694,3.682379767,3.707931937,3.53307266
3.714588826,3.90389269,3.830331993,3.72664572
3.681265912,3.846893543,3.861594145,3.734199561
3.697427497,3.895024537,3.840827228,3.701460046
3.753993693,3.947629747,3.916427627,3.827837567
4.109486506,4.115949828,4.150810148,4.019614716
4.162670293,4.105973185,4.189441183,3.972307001
4.001037119,4.012491338,4.119173379,3.962049536
4.0176062,4.060471193,4.121920786,3.869657003
4.048992357,4.125994958,4.136125779,3.910450973
3.555830662,3.675741691,3.760083058,3.539922524
3.941773358,3.999469837,4.072700139,3.841547165
3.840710445,3.929173608,3.971948113,3.793248925
3.935264447,3.990294446,4.056695273,3.842546836
3.48984347,3.669130847,3.669316881,3.519171464
3.355817095,3.48702519,3.575678459,3.433769834
3.595536303,3.75968295,3.772156614,3.639411776
3.673129865,3.792279599,3.862220854,3.627442671
3.380227692,3.643413193,3.641027688,3.479863113
3.387551605,3.682108959,3.638913361,3.450710878
3.879174105,3.937898861,3.956720556,3.864347893
3.741416638,3.853515697,3.883448494,3.725891223
3.832665648,3.86632279,3.952223178,3.766951663
3.782817786,3.868609176,3.901158517,3.759138816
4.154860897,4.151320809,4.186716249,4.022191156
3.891339753,3.984842231,3.970823223,3.761514386
3.957968432,4.054214577,4.059108818,3.893151213
3.786854629,3.77052801,3.831789816,3.703334375
3.35892076,3.53650794,3.592787228,3.442205309
4.103274909,3.994484326,4.127372099,3.939044764
3.306425028,3.530071569,3.536369029,3.463669068
3.331261609,3.537567257,3.538039334,3.401960282
3.337023387,3.518197974,3.559996346,3.403249246
3.308758382,3.490660653,3.553974001,3.400883216
3.25163822,3.436480695,3.500270789,3.368890943
3.289548415,3.490267576,3.519237161,3.381521195
3.300496671,3.485437481,3.505590835,3.374473389
3.277817509,3.470175197,3.517558758,3.373233924
3.756525463,3.768534509,3.796105792,3.769284992
3.330266155,3.526054825,3.527533237,3.371391153
3.330893188,3.546887988,3.569403174,3.418425594
3.721960424,3.863001482,3.858822824,3.790883051
3.83297895,3.960347084,3.944507347,3.838108901
3.650687155,3.813687714,3.822527662,3.683497318
3.687342459,3.839213997,3.870871895,3.678791434
3.812980166,3.981292969,3.959649456,3.808683509
3.716875612,3.912912551,3.833418063,3.715878048
3.59209597,3.653849012,3.765631307,3.69242828
3.72320931,3.912200793,3.935003151,3.657629431
3.825355293,3.978956165,3.972376429,3.70808081
3.622938969,3.808346036,3.809054427,3.605439732
3.454775589,3.661244609,3.651568739,3.479899075
3.295407146,3.469851459,3.541891125,3.415349017
3.725198602,3.943078819,3.905066949,3.698752803
3.505359672,3.597124525,3.715982464,3.626263358
3.653615913,3.857802727,3.808481057,3.680765968
3.824042957,4.038333982,3.994031049,3.765575428
3.94654158,4.057886618,4.04606573,3.818555779
3.910716551,4.020270104,4.020661621,3.880913583
3.734079407,3.900880331,3.88312178,3.723681381
3.742125001,3.93643331,3.882709486,3.704300692
3.690590714,3.88949219,3.826463549,3.651302249
3.876039298,4.028457378,3.979639412,3.813530952
3.668580738,3.787233704,3.850447112,3.692053365
3.342763522,3.549101397,3.572755465,3.448629036
3.624872507,3.869900253,3.810551735,3.664054058
3.767681965,3.912742685,3.923994833,3.681331706
3.765302708,3.951405524,3.933904678,3.836007459
3.694780636,3.859774556,3.85954357,3.653742994
3.856113447,3.996992982,3.991115272,3.805806592
3.834657643,3.96806246,3.949084917,3.78735419
3.858345764,3.939179671,3.970985758,3.808818425
4.007534418,4.078638038,4.033152237,3.925479691
3.956059232,4.062589504,4.00802499,3.829512827
3.947362418,4.060146125,4.03848107,3.77261505
3.742203636,3.917809987,3.913707914,3.746887075
3.762385253,3.925683301,3.909729819,3.752969865
3.676469132,3.788408793,3.825344964,3.604927703
3.642167634,3.809936613,3.819066607,3.64750522
3.606449768,3.755371697,3.76204053,3.55448916
3.421693648,3.615086915,3.650088863,3.536274291
3.272622086,3.502836639,3.525239224,3.354444599
3.393591155,3.579257553,3.639859862,3.429267666
3.535673803,3.71221182,3.745621221,3.538479476
3.714367867,3.920415542,3.936010796,3.6856074
3.442322956,3.671691094,3.680630081,3.504946355
3.678832791,3.879485824,3.834054928,3.672605778
3.629854231,3.802978855,3.772009812,3.642118134
3.559035641,3.670208732,3.72564624,3.555819683
3.723627296,3.828750097,3.840106094,3.693353154
3.569469676,3.835170375,3.78613005,3.599719362
3.928447063,4.079731004,4.046075495,3.827482356
3.902072151,4.060735603,4.044588753,3.861325278
3.474361976,3.687849882,3.678154038,3.49083602
3.320599424,3.561101384,3.597420924,3.420863021
3.605540107,3.78733293,3.79019717,3.603874802
3.454373599,3.648867205,3.636387586,3.586615432
3.259007127,3.474303697,3.495301453,3.352568386
3.328676075,3.554682944,3.551388997,3.420863021
3.61409151,3.781238221,3.782866607,3.62585241
3.957646462,4.024789321,4.076494805,3.906065545
3.931157265,4.018792007,4.005395032,3.854214922
3.946514787,4.028131856,4.061103622,3.848743182
3.756151829,3.885813375,3.902967824,3.747159238
3.869658335,4.024329655,3.993755771,3.79946117
3.941290028,4.093666782,4.08459415,3.83225337
3.950944294,3.990720582,3.980037477,3.895960936
3.480555674,3.740425855,3.69225189,3.569783428
3.800460874,3.942414858,3.901962072,3.722551662
3.308195635,3.554949256,3.525627796,3.394539231
3.781481203,3.974824751,3.941548699,3.749253068
3.737301094,3.921467973,3.895463984,3.710371264
3.618276362,3.825192354,3.825442347,3.629944492
3.905398433,4.078456818,4.05376969,3.778621481
3.409102762,3.626032248,3.62324929,3.486359626
3.546778142,3.77437096,3.768767556,3.646820175
3.962253072,4.072073349,4.083995043,3.841453328
3.414046066,3.610617583,3.636964055,3.513450671
3.624947423,3.855107077,3.830765045,3.725114968
3.585327396,3.805650355,3.79971953,3.591648841
3.671113911,3.990472054,3.911117641,3.635207198
3.591206312,3.885067067,3.762791061,3.614264287
3.771126287,3.946285197,3.950194414,3.701179277
3.743865948,3.904780441,3.925079924,3.669037801
3.755084511,3.91104036,3.894565267,3.671843675
3.811690754,3.924227581,3.949865518,3.762959751
3.705599387,3.879726497,3.846043152,3.646109522
3.839860693,3.997124156,3.955254683,3.803440044
3.822185917,3.93697594,3.943815913,3.776737495
3.787492677,3.989075879,3.927601309,3.703269878
3.993332003,4.109504302,4.084978216,3.896526217
3.956391111,4.040950269,4.039493435,3.864036183
3.949917582,4.08271358,4.071274306,3.9263939
3.440665832,3.668553638,3.644856926,3.466645228
3.583744778,3.744684063,3.723886469,3.604523044
3.98368778,4.050124441,4.09868698,3.94141204
3.879606698,4.002796519,4.03746634,3.825685708
4.020425322,4.12771368,4.11741217,3.903456268
3.578493344,3.808750972,3.778241719,3.579869304
3.620325373,3.796810148,3.795010559,3.630122643
3.732613045,3.85443965,3.876924726,3.697752274
3.775756038,3.894249584,3.867216974,3.862518969
3.914482594,4.01175647,4.066521593,3.828256989
4.021260736,4.015510642,4.065897011,3.942429734
3.945875741,3.996441619,4.041807041,3.835611313
3.671366418,3.821094097,3.808025193,3.685808892
3.841331025,3.953894935,4.001290108,3.823197001
3.622298819,3.84334492,3.825864086,3.674309889
3.856085951,4.001309593,3.977231889,3.784884633
3.617086162,3.760437563,3.760780478,3.652391404
4.021839314,4.081404922,4.083224826,3.886589417
4.040210227,4.090222772,4.131947308,3.931902617
3.960915957,4.009926574,4.038719486,3.87935397
3.910842613,4.064428037,4.064682566,3.912195477
3.640137985,3.789016327,3.775410182,3.673043958
3.709293094,3.884670777,3.863501301,3.751317604
3.442051963,3.58871978,3.631976164,3.509706442
3.913042801,3.966517176,3.999728481,3.761044075
3.814362633,3.829972393,3.869979353,3.764531047
3.977232929,4.08911348,4.09802905,3.893317812
3.831276277,3.910165325,3.948975033,3.789985912
3.747609523,3.856438861,3.875119165,3.766933094
4.043233632,4.078115919,4.030012441,3.94656279
3.596517126,3.787687127,3.753908466,3.691700208
3.826981337,3.989485414,3.984403533,3.764026608
3.812627782,3.961610908,3.928562266,3.754310104
3.568265743,3.770999205,3.752835613,3.617472144
3.441180789,3.616244389,3.657079767,3.501846307
3.894633207,4.011502778,4.010501365,3.792006257
3.873188449,3.999208864,4.033192472,3.791743266
4.089510119,4.082455037,4.172909281,4.002003981
4.029859507,4.098851307,4.158241838,3.957858598
4.076077478,4.110906058,4.110901011,3.91944421
4.29237893,4.248870372,4.297596389,4.122862741
4.277832086,4.219982491,4.286798785,4.105544246
4.086964574,4.124425967,4.137179979,3.93704121
4.112997809,4.112886398,4.15932652,4.004299874
4.173006048,4.16176318,4.216192302,4.023530237
4.066325925,4.139280733,4.15404338,3.994943721
3.749687137,3.914120928,3.894399147,3.73363856
4.152457914,4.140017535,4.138121046,4.007203502
3.937070876,3.966742287,4.01074505,3.809862605
3.800348346,3.898352142,3.878880687,3.873262459
4.15150357,4.183116033,4.174205227,3.980548739
4.262789677,4.226275029,4.256429082,4.062177583
4.052281098,4.061067777,4.0945148,3.90845821
3.82672252,3.949799709,4.001279283,3.758116724
3.821126284,3.959642307,3.95754743,3.705649932
3.824332958,3.977924706,3.91881639,3.758268297
3.380178339,3.589994257,3.57955496,3.545585421
3.888077331,3.973617314,3.986816505,3.865681268
3.526104206,3.671968474,3.699143687,3.572319674
3.422112101,3.599817596,3.634124452,3.622757846
3.525021235,3.723554178,3.697469098,3.618806142
4.004282282,4.068334313,4.068955403,3.849419414
3.938678895,4.024526714,4.063248894,3.882538768
3.55842491,3.678882415,3.732876041,3.570572125
3.429429264,3.668572269,3.677538519,3.477121255
3.823900845,3.959308568,3.947384702,3.733538305
3.866604148,3.945064631,3.98928292,3.82278899
3.311850146,3.519906711,3.557386882,3.376440078
3.26845032,3.469556942,3.528884577,3.352423726
3.26595357,3.475351523,3.516436209,3.35626494
3.252345433,3.477237051,3.503654519,3.354540597
3.356582066,3.587778292,3.629256652,3.450787792
3.467325524,3.696443763,3.718003168,3.517657668
3.701552286,3.902220528,3.867231715,3.697926445
3.584577913,3.789284501,3.765314569,3.595964434
3.871562322,3.87126929,3.940665872,3.807788631
3.496136784,3.769495485,3.709333574,3.560803002
3.761565662,3.953460075,3.926933796,3.73788807
3.361178183,3.611489639,3.571650611,3.415599283
3.770664602,3.945537515,3.888600662,3.800407739
3.436075866,3.661642341,3.645274859,3.493806462
3.641104379,3.834140834,3.793964905,3.573451822
4.093924462,4.11568372,4.131048961,4.006583692
3.523119515,3.663003233,3.698013504,3.542763203
3.812402837,3.95596661,3.992730204,3.781629734
3.865895035,3.951201477,3.999282822,3.825750581
3.698985797,3.869982283,3.906913895,3.74038243
3.469942451,3.604182838,3.665721668,3.465903098
3.615691865,3.786311228,3.779506304,3.660319897
3.380244142,3.557025722,3.59709158,3.414722721
3.459173092,3.666349472,3.657342737,3.449825388
3.485088749,3.819109424,3.642390318,3.465977368
3.660416987,3.829946696,3.839650851,3.639536291
3.344481589,3.542800538,3.582943565,3.456366033
3.641519178,3.819201629,3.825912722,3.653333134
3.521720399,3.70869278,3.737093205,3.5334225
3.313752211,3.57417022,3.556061159,3.449285508
3.296006669,3.516746851,3.536432176,3.418798291
3.54740546,3.732811768,3.734999735,3.577635392
3.950727648,4.034492092,4.018981202,3.873451394
3.749427099,3.871607958,3.921972444,3.697033081
3.851330632,3.995977231,3.983727746,3.791497664
3.344963573,3.552497871,3.549125927,3.426185825
3.707926136,3.878096484,3.850385825,3.689730515
3.428031659,3.638209621,3.628669853,3.493701968
3.697411648,3.843108142,3.837493742,3.700941562
3.568393753,3.822769396,3.826414975,3.648725835
3.575775467,3.817618248,3.796452908,3.57743435
3.922196832,4.045393399,4.015223493,3.820726763
3.675720032,3.805147298,3.827611557,3.718771482
3.32601915,3.513590454,3.561757103,3.449902458
3.296844614,3.518224314,3.536116348,3.408875673
3.711822561,3.879841056,3.870857278,3.652729696
3.698701448,3.86583804,3.777879731,3.711258744
3.571645318,3.807142497,3.74694541,3.543322901
3.561014603,3.822978355,3.725012725,3.558378525
3.701316739,3.894415762,3.840529513,3.612598448
3.467029288,3.664566767,3.674125983,3.505895781
3.312965498,3.543198586,3.536779321,3.391949042
3.990722195,4.108659719,4.106675255,3.917676148
3.992822534,4.048845611,4.067470729,3.913244129
3.802083031,3.854172392,3.899423768,3.710477012
3.681101385,3.861474669,3.834960851,3.699035144
3.731918262,3.893905948,3.918528336,3.705714077
3.665956029,3.867679574,3.831325766,3.683519819
3.922135432,4.03670074,4.015778756,3.849112166
3.7354029,3.897945823,3.906725516,3.782239648
3.411313541,3.635483747,3.609140671,3.529430354
3.732181679,3.866381869,3.866331653,3.715669142
3.923681956,3.988764017,4.010776825,3.816903839
3.742753688,3.84334492,3.868188748,3.698665892
3.432459085,3.691382121,3.647749618,3.524850303
3.527934398,3.652188302,3.717337583,3.556151678
3.34533808,3.531427821,3.571009672,3.428742057
4.271027994,4.190942083,4.30317445,4.028479748
4.02169662,4.062965348,4.067201088,3.89139806
3.546430486,3.740362689,3.7020426,3.566349092
4.054431974,4.06462269,4.094837836,3.899122555
3.955171519,3.989245081,3.995733887,3.812946763
3.925560537,3.898330189,3.970741932,3.857633985
3.958224967,3.97017945,3.995404826,3.836846095
3.524360711,3.634174872,3.704493697,3.504028867
3.849542252,4.021338175,3.92505412,3.71729595
3.630020851,3.815099363,3.810232518,3.633695643
4.195479489,4.125845465,4.186172034,4.035579814
3.743217476,3.842459457,3.880527778,3.713343513
3.668843185,3.851135995,3.8664498,3.669642247
3.811861273,3.89903215,3.933803529,3.80078579
3.730363778,3.872727184,3.895588276,3.703226874
3.904921999,3.95236617,4.000488307,3.80135225
3.858515324,3.926496789,4.004557806,3.789122205
4.211144822,4.05327825,4.237857784,4.017033339
3.862234409,3.961753214,3.986503015,3.814696978
4.211047691,4.133302537,4.224597801,3.989872337
3.913573046,3.989200561,3.992520381,3.77437096
4.054846259,4.082979144,4.12232239,3.922258223
3.641356913,3.784774152,3.781719481,3.615713386
3.744946956,3.919025765,3.905714948,3.69510939
3.521934115,3.632902494,3.669293631,3.531031619
3.907171866,3.997316472,4.003729728,3.827853706
3.715152143,3.842272156,3.93712906,3.65086582
3.626368367,3.794906107,3.834023107,3.612598448
3.746457275,3.856885909,3.890532792,3.703613754
3.809926827,3.918208634,3.931826407,3.801455164
3.547942441,3.737462998,3.784599464,3.605843539
3.60763046,3.690160626,3.825328731,3.652778002
3.738449019,3.901414726,3.923347656,3.786165581
3.853830902,3.949233828,3.995646161,3.812177774
3.655644758,3.747085382,3.769432717,3.638988159
3.996762338,4.050766311,4.037366729,3.82672252
3.478841859,3.584195486,3.687015888,3.616081477
3.900848583,3.966751664,4.022665457,3.761683573
3.732313327,3.825062431,3.821448019,3.669061064
3.505112963,3.64465519,3.660106222,3.49037992
3.372158528,3.518382316,3.586868492,3.468827153
3.47485174,3.57574191,3.659202877,3.586980917
3.506763245,3.593906045,3.695416002,3.596844408
3.695011786,3.878084984,3.885163254,3.767749367
3.728833197,3.799726418,3.862325218,3.787230159
3.823011589,3.972758084,3.966552358,3.772340046
3.575890799,3.840683097,3.760667459,3.594254394
3.585522254,3.89135902,3.767804967,3.591120282
3.490482026,3.778628712,3.683204689,3.528434597
3.849692961,4.043747273,3.96934601,3.796400858
3.457289962,3.724439723,3.662545353,3.476179262
3.411665612,3.742348003,3.672490394,3.515410172
3.31901137,3.587149498,3.554610285,3.373095987
3.358644238,3.607433576,3.594254394,3.440594262
3.702218978,3.913750292,3.86135516,3.66579199
3.625237598,3.833236385,3.818357878,3.601978553
3.89074102,4.043825802,4.024598537,3.805585806
3.597685216,3.789016327,3.80827851,3.565020928
3.781252594,3.958688086,3.888951324,3.682709022
3.598561713,3.754317751,3.779776809,3.672974801
3.978869129,4.006628605,4.035979763,3.910210721
3.735635186,3.864249951,3.886039276,3.697229343
3.983872207,4.011536612,4.053903971,3.891412001
3.819872822,3.95114316,3.958085849,3.759025369
3.5313047,3.712868477,3.76316584,3.58591171
3.661718058,3.865471163,3.787513607,3.686278678
3.597276243,3.81629434,3.791953672,3.646477246
3.742889308,3.934851803,3.860667346,3.647920615
3.31034566,3.61660153,3.624514139,3.426795818
3.289670015,3.501634287,3.53825946,3.377988854
3.87660618,3.906097893,3.97144981,3.883420093
3.337005216,3.611298362,3.567055789,3.390846827
3.331850433,3.526261718,3.556814907,3.387701196
3.256411581,3.443200382,3.499549626,3.361727836
3.570277527,3.77224834,3.774498718,3.694034538
3.625808024,3.780173244,3.809828961,3.654224687
3.732693422,3.856849679,3.824792716,3.686479859
3.835874971,4.033817659,3.966176944,3.795114986
3.630548059,3.775799705,3.796348802,3.635433478
3.70197595,3.777325306,3.822037248,3.759138816
4.046307117,4.0523399,4.115419114,4.002673522
3.99836239,4.09925235,4.063821056,3.874988875
3.990480125,4.030138064,4.061829307,3.896374629
3.675036392,3.830139387,3.789051622,3.67669361
3.9240207,3.952511538,3.97009106,3.88585574
3.807916145,3.942821283,3.949463196,3.796470257
3.539589281,3.673536959,3.743058774,3.643724026
3.914444133,4.007858684,4.056771495,3.868218162
3.723933066,3.843780752,3.91726913,3.717940813
4.038370849,4.097000337,4.133427127,3.955663702
3.736468939,3.854743153,3.873916113,3.712881095
3.712856241,3.82097606,3.84309256,3.717504075
3.660313423,3.761446692,3.793056631,3.595551332
3.69298304,3.728499875,3.817978315,3.699338998
4.001607858,4.002425265,4.049992857,3.882296801
3.582301013,3.787035182,3.757718593,3.54567815
3.986050704,3.928498268,4.013879545,3.960791742
4.280886579,4.148349654,4.250999082,4.124324862
3.452218701,3.690213806,3.64095324,3.550075406
3.500099192,3.710980017,3.673619839,3.543291825
3.979990969,4.095838591,4.040809945,3.912832935
3.860174605,3.996406588,3.941449315,3.775209824
3.856311363,4.007602705,3.937806156,3.80114635
3.722925448,3.806641167,3.873785461,3.762453482
3.988125013,3.96925745,4.048538907,3.87810511
4.234613905,4.176704629,4.233300772,4.051027041
3.976879131,3.99237676,4.031771908,3.815992587
3.62255311,3.790861963,3.794017248,3.633367445
3.793008942,3.853941446,3.883093359,3.740224483
3.94079711,3.984698297,4.032165295,3.827692289
4.042936886,4.045409047,4.11116166,3.91503029
3.992718159,4.069823439,4.055770014,3.896319493
3.656141777,3.730620798,3.819033669,3.672051654
4.034271046,4.095977886,4.059355119,3.860442824
3.966512912,4.074406812,4.026288062,3.863575629
3.462534119,3.637909811,3.654898161,3.547282308
3.594754061,3.682578252,3.745874687,3.664359875
3.419955748,3.616139291,3.63916264,3.477048866
3.524620323,3.683785252,3.765482282,3.524493487
3.495582177,3.5984622,3.690063112,3.612492464
4.114119464,4.056020123,4.137108723,3.982700791
4.098514724,4.138466909,4.168055303,3.980219328
3.614993034,3.73696987,3.772340046,3.596102048
3.980296798,4.013519753,4.064149006,3.899492196
3.411236966,3.623518056,3.60648885,3.48483348
3.377389048,3.493318608,3.582716587,3.437314464
3.568062984,3.698204973,3.728089878,3.601489605
3.506701779,3.661850531,3.684306646,3.593673657
3.774868506,3.838383076,3.892887301,3.707655324
3.673087962,3.818819508,3.803030123,3.674056998
3.722783447,3.754913774,3.862757314,3.659488347
3.703939795,3.75355242,3.81421429,3.706845748
3.645948963,3.843133072,3.793511006,3.616921657
3.797412344,3.977009862,3.931788297,3.714162046
3.690212195,3.913697319,3.87939697,3.570134137
3.907572579,4.012811925,4.025408281,3.767842029
3.758071931,3.875049682,3.885474303,3.732594776
3.545318365,3.702861171,3.689220037,3.521758995
3.613688096,3.729634481,3.79718095,3.625929493
3.500485969,3.697804533,3.729245807,3.659369424
3.674744267,3.847609671,3.835896575,3.668479103
3.952440181,4.03212698,4.061235655,3.8616688
3.697918529,3.849357982,3.862086635,3.717878449
3.511895509,3.700582582,3.703742638,3.589502796
3.625415352,3.687814236,3.786857854,3.662498121
3.806549954,3.948080271,3.96102934,3.753984997
3.593447185,3.749179567,3.757016235,3.623946703
3.547830624,3.729002709,3.700400817,3.572871602
3.848149914,3.994792109,3.944383958,3.773402429
3.71606408,3.782228892,3.834722634,3.69368299
3.467756051,3.639366942,3.654369091,3.519762385
3.399359015,3.590061231,3.644733927,3.477229815
3.933363028,4.091631791,4.038262407,3.818605241
3.891633743,4.055080034,4.017095973,3.82615582
3.345498484,3.533492434,3.547128319,3.415932746
3.317854489,3.477988976,3.517591731,3.393355807
3.413421697,3.554634506,3.600155784,3.441302287
3.685578899,3.882570071,3.824109556,3.689064555
3.32315831,3.497399649,3.530935709,3.384443024
3.422485379,3.629552302,3.589558672,3.457503427
3.488678884,3.609743772,3.666798684,3.492585798
3.691643998,3.84008099,3.848789322,3.666049738
3.549772132,3.753307229,3.753448997,3.579326204
3.567678548,3.808643026,3.776356081,3.548389418
3.696324612,3.853467013,3.856200046,3.649286168
3.93277807,4.006311979,4.004751156,3.822805318
3.923130931,4.01485642,4.014929859,3.835056102
3.79841834,3.96226513,3.960910557,3.74530906
3.774895026,3.895533039,3.89742089,3.697774049
3.868943517,3.967304553,3.962984584,3.822723673
3.935415652,4.045995419,4.041984501,3.897173319
4.049073469,4.087781418,4.074843857,3.971623702
3.700349657,3.808467556,3.840231595,3.657079767
3.398618557,3.589770934,3.64246452,3.456859269
3.318821928,3.515370406,3.538385197,3.387612256
3.456089852,3.672891798,3.647138366,3.504470862
3.892630813,4.007517345,3.995624227,3.786591726
3.543187283,3.691947448,3.735379302,3.582432697
3.925157327,3.985848437,3.994537104,3.857649054
3.80893491,3.909470446,3.88706846,3.84740298
3.92066396,4.013140703,3.993711711,3.916151153
3.349030147,3.662228803,3.550197768,3.434369274
3.886059806,3.951716268,3.998150315,3.765891976
3.767621294,3.898790979,3.90993026,3.709609121
3.955958745,4.124908335,4.067935235,3.90625421
4.040393737,4.068475295,4.084191856,3.905256049
3.743858827,3.879554601,3.918305617,3.744019017
3.604108182,3.77693352,3.786928794,3.698078787
3.649830306,3.845333736,3.834992604,3.693287157
3.54118198,3.676254522,3.77140373,3.542576476
3.281343319,3.504362105,3.515211304,3.386498966
3.640354934,3.761055368,3.792759283,3.683204689
4.112281963,4.168933327,4.171119187,3.993887926
4.044543324,4.08599658,4.077286127,3.917807363
3.871419016,3.969639526,3.992034086,3.823865309
3.975982944,4.008284981,4.077522334,3.840419778
4.019467513,4.051700353,4.085878993,3.934119541
3.892398199,3.97248055,4.020185126,3.811004956
4.148465234,4.141430959,4.156768666,4.071034675
3.52868302,3.706188457,3.69368299,3.513284205
4.113764131,4.107366016,4.177904268,3.994086084
4.043351559,4.081368914,4.142303412,3.947445976
4.218432851,4.15091601,4.222547401,4.0533858
3.854907508,3.828363393,3.923516015,3.7944009
3.546026408,3.788592556,3.742705497,3.600891254
3.860256313,4.021685352,3.972330145,3.803218051
3.734741658,3.844949114,3.921556428,3.772889879
3.50764738,3.803402484,3.743666521,3.555608281
3.607844787,3.896713563,3.810753225,3.643057684
3.566008718,3.694798176,3.759648962,3.666400967
3.850300845,3.933669471,3.944618368,3.763034704
3.794716129,3.968744381,3.96549568,3.755817708
3.275206617,3.486827043,3.554882694,3.405389053
3.369873381,3.603490804,3.591815621,3.477374519
3.545363354,3.705230617,3.754692271,3.574667766
3.790099556,3.950676344,3.920814411,3.724746783
3.85463171,3.979502849,3.953759692,3.856033705
3.351216345,3.649860368,3.562411833,3.490415022
3.288106891,3.518882276,3.513284205,3.378942699
3.396579723,3.660106222,3.603604416,3.420615771
4.20109905,4.207343484,4.223418057,3.99219993
3.949908721,3.990347736,4.063201962,3.852952459
4.03123214,4.070318681,4.118057949,3.939381954
3.649980597,3.847190015,3.817747114,3.668385917
4.01853407,4.076086757,4.077031606,3.869554386
3.764726212,3.902829332,3.921569434,3.723373567
3.911341654,4.054980556,3.986906031,3.817201653
3.567902844,3.77563957,3.759724488,3.586305935
3.895482819,3.995424577,3.989004616,3.812729578
3.474587071,3.678481959,3.686122139,3.555970621
3.739852722,3.828994831,3.927306189,3.704815182
3.865260148,3.998067439,4.000694316,3.794383469
3.733146177,3.81078344,3.876852648,3.695875515
3.820857989,3.992093797,3.943123377,3.764773717
3.638634451,3.834446137,3.815395094,3.713721489
3.58255918,3.7750276,3.78724788,3.619458569
3.462738221,3.682524129,3.688664489,3.570951358
3.651313264,3.809680896,3.79718095,3.615055304
3.51835838,3.723898771,3.706867072,3.558438552
3.799353083,3.93290987,3.932270776,3.722510526
3.649671116,3.750678068,3.806451323,3.67854114
3.848211517,3.96386335,3.928395852,3.751606242
3.997751651,4.042780209,4.107311745,3.91105102
3.511397165,3.76413128,3.79000352,3.573973358
3.92158717,3.963986047,4.012204296,3.841891062
3.83370911,3.938999785,3.940728102,3.767211541
4.147752189,4.128547886,4.192288613,3.98626775
4.142161848,4.195019107,4.153784386,4.040275903
3.977723605,4.042536137,4.047401437,3.830588669
4.041697661,4.040839595,4.102982231,3.991325775
3.89751213,3.979229593,4.022644846,3.840717567
